date,NVDA,AAPL,MSFT,MU,AMZN,AMD,GOOGL,AVGO,GOOG,META,TSLA,WMT,INTC,CSCO,COST,QQQ
2025-08-05,,0.2715536231137883,,,,,0.3026082164089467,,0.2992049173569835,0.2947861522411948,0.5248127728631968,,,,0.2323411993341785,
2025-08-06,,0.2503247715313618,,,,,0.2947009478261155,,0.2903792483408297,0.2831251032565133,0.5116340125396058,,,,0.241998532921525,
2025-08-07,,0.2398147923960906,,,,,0.3035750223200046,,0.2994927731239415,0.2816482610797223,0.5180034638163329,,,,0.2502137563481904,
2025-08-08,,0.2444817630867586,,,,,0.2925493058934419,,0.2888488249446739,0.2711629148585984,0.5183470340659272,,,,0.242423853587323,
2025-08-11,,0.2419432126638802,,,,,0.3064197313813103,,0.3028042547347455,0.2812254785515055,0.5309440685003405,,,,0.2574157870413184,
2025-08-12,,0.2359851232920816,,,,,0.3110957132562232,,0.3061845389626571,0.2871362812712345,0.5091183128190115,,,,0.2521086991933035,
2025-08-13,,0.2400394178072188,,,,,0.316966995982159,,0.3081281758160205,0.2790163271723871,0.5136054786202683,,,,0.2444976403606423,
2025-08-14,,0.2296838059161254,,,,,0.32657940181442,,0.3321756908784432,0.2689533856111611,0.5151883878599466,,,,0.2437506392656542,
2025-08-15,,0.2259282710401969,,,,,0.3189089179322472,,0.3080773926073688,0.2788688056353764,0.517567424937489,,,,0.2421815774316152,
2025-08-18,0.4228254115732842,0.2305409372136821,0.2353145800737545,,0.2330307412495167,0.4492329340649966,0.3235455791603319,,0.3185844277644745,0.281145250494417,0.5122324692261205,0.28358279063648,,0.2769947667493626,0.2412322642935427,
2025-08-19,0.441834579052314,0.2224587891989013,0.2306962570707793,,0.2353898017213137,0.4564931379810761,0.3412557091743345,,0.3353491059829027,0.2793981159253429,0.5192730785831138,0.2993094554564152,,0.2783942064359667,0.2550571913869199,
2025-08-20,0.4481010057298433,0.2279168847386016,0.22084693428777,,0.2422406332593152,0.4530660835937935,0.3513894380564645,,0.3377757060640667,0.2795696618581675,0.539465868401191,0.3098147791075976,,0.2824588294293932,0.2747732646318303,
2025-08-21,0.4540322439499491,0.2226587233549996,0.2259688356147745,,0.2451019349458596,0.4477450168264913,0.3507745646172686,,0.3451554337898596,0.2812842223745262,0.5515325554237617,0.2142685317924597,,0.288245195626922,0.2588702134665769,
2025-08-22,0.4487012185022518,0.2206149934319271,0.2117174299692539,,0.2307061498927989,0.4343916048715361,0.3375591231857152,,0.3406186612308848,0.26436519698448,0.5319835321813172,0.2051875193686578,,0.2784950345373836,0.2304267358027602,
2025-08-25,0.466595879304603,0.2377824468774754,0.2137298358068929,,0.2361284066081498,0.43474551324187,0.352718248214265,,0.3432288544711998,0.2660551550708014,0.5398618244664231,0.2107124956650797,,0.2834487614315463,0.2324413686670415,
2025-08-26,0.4767054429556364,0.2405443162727948,0.2113075973741391,,0.2319094224168776,0.4467364386461857,0.3703330598675889,,0.3543878093174912,0.2635032451754531,0.5365603862281333,0.2008811235135809,,0.3234819191824685,0.2318756433843304,
2025-08-27,0.4735521021348973,0.2398118931720251,0.2154164835475287,,0.2340808246684499,0.4488318884228621,0.3929735298872704,,0.3812222497648576,0.2654836132907611,0.5269879251383485,0.2014905356271705,,0.3256600714857516,0.2403248819204501,
2025-08-28,0.3379455893750819,0.2367466743732049,0.2016953140396255,,0.228430821755252,0.4091192955000725,0.375420199709139,,0.3392921478704876,0.2521770699745728,0.5126474744698041,0.2044330530242811,,0.3582727882275603,0.2246053783015068,
2025-08-29,0.3372862201498874,0.2268522623184569,0.2176380570509966,,0.2240299173598476,0.4101645245890081,0.3881429409670121,,0.3752274937377428,0.2556680033138991,0.5120966213378862,0.1926053048829075,,0.3493840696025828,0.2174786780963794,
2025-09-02,0.3532163268118974,0.2481596097140053,0.234130458006227,,0.2394875363032512,0.4442977241366315,0.4041082151288067,,0.4009840979348725,0.2772723154424549,0.5548504207317054,0.2013528593447252,0.6814193341771655,0.3381571841875533,0.2246194104972337,
2025-09-03,0.3361174704134557,0.2315836247905816,0.2262776349716905,,0.2384993332779453,0.4230054554640444,0.3269987093739236,,0.3221863099579571,0.2671749450842296,0.5495462784807391,0.2057677420548585,0.7071466127708429,0.3465620787927767,0.2407909101625216,
2025-09-04,0.3164592921957843,0.2207117756676819,0.219999599442809,,0.2513623697249931,0.4128722378338293,0.2901091429635045,,0.288102161798722,0.2976923159108565,0.5275013426952089,0.2125660069430606,0.684913257334815,0.3548149431626415,0.2718580583270498,
2025-09-05,0.3317543587385709,0.2180830190978668,0.2114381417295502,,0.2416294172486944,0.4058984553336644,0.2873841157129132,,0.2831067723647504,0.3018557130031368,0.5320210091526308,0.20707108594704,0.6776588259463817,0.3005466637117849,0.2731317746754955,
2025-09-08,0.3340043132368254,0.2416234633659381,0.2123205814047006,,0.2687818617828348,0.4174670821657315,0.2910013667104835,0.4306610144118716,0.2870233610467566,0.3103755611947636,0.5299791875098318,0.2411836464507343,0.6072548109593868,0.3253258488989458,0.2908197333922239,
2025-09-09,0.3341702389128335,0.248778805957737,0.2154371433273078,,0.2735998238474428,0.4211078909967822,0.2917715702875298,0.4013938305240612,0.2887316033313735,0.3135909859092398,0.5183054663301315,0.2493908489475435,0.6419033000738388,0.3536240883505332,0.3018060130964432,0.1441120834818415
2025-09-10,0.3584642055719827,0.2969853137979325,0.2223496969144729,,0.2784561425848986,0.4438610394147209,0.3005824384004785,0.6191127434146309,0.2956852000388636,0.3146101939383725,0.5281153655324915,0.2411774257211635,0.6791308983248076,0.418628395756734,0.2901211118198387,0.1467382389080867
2025-09-11,0.3189859496475065,0.2649587602687169,0.2149794614587415,,0.2635302479612431,0.4115763294815996,0.3022203301003401,0.5212153409670366,0.2982534658457951,0.3061700528741481,0.549548146302912,0.2574585472760628,0.6474963646079852,0.4027216359263602,0.2973048182785034,0.1489175423874331
2025-09-12,0.3009001185253296,0.2513183971444604,0.2298060303453489,0.5068734942888758,0.2561647764641555,0.4142885529261106,0.3034117192969491,0.5301833352631223,0.2938912502834687,0.308423271060626,0.571277838028854,0.2654734529326891,0.7403987266939402,0.3323371340193851,0.296504090961912,0.1511429911067504
2025-09-15,0.3743143743676766,0.2785841384223879,0.2499355275527497,0.6035074743968661,0.317936149116001,0.491949901615504,0.3963655031455134,0.7074789628915539,0.3963474260376118,0.3305167464638297,0.5852281658564015,0.3524714748639177,0.7070505431276722,0.4557960671290433,0.3091429682323003,0.1586768478544894
2025-09-16,0.4016573779173832,0.3032941854132518,0.2450923536581197,0.5756076472193773,0.3235663460907586,0.512915072745666,0.3850313610340722,0.7600611593172774,0.3802317770782172,0.349499882448166,0.5677573100889847,0.3781599268850928,0.718176217108747,0.4952310544998649,0.301853682655968,0.1666507570952448
2025-09-17,0.4489786058060845,0.3005268337664699,0.2341484352322381,0.5543475466687803,0.3169293043636702,0.5423945118837161,0.3893265377332706,0.623194219645894,0.3839300333042242,0.3419140916055177,0.5607852235112332,0.4988184465047696,0.6725785052300133,0.6364957968914874,0.3080488470554818,0.1634308279210247
2025-09-18,0.4120427043989921,0.3575075520645223,0.2367643828241559,0.8507285480524585,0.3228154390950521,0.5791973810850747,0.3660414325700659,0.6439666881905018,0.3589358305595778,0.3418121890007381,0.558962399595953,0.5673523046844428,0.6808264676209904,1.136536623697577,0.294733565027668,0.1647240808017233
2025-09-19,,,0.2444332789137024,,,,,,,0.3343856035381489,0.5413985519807103,,0.674598806314512,,0.3007002587588481,0.1740305124289678
2025-09-22,0.3939299126018079,0.2640503020332547,0.2552195608394328,,0.2988850916297673,,0.3058837630754956,0.4485165046629927,0.3055737715782263,0.3356589649999539,0.558066311041916,0.2326949405902177,0.736242602139854,0.2833642686650202,0.3017349057026826,0.1837182457478705
2025-09-23,0.383984381999163,0.2581106090246505,0.2578414849360263,,0.3209288201187152,,0.3135775434767315,0.4453054570534632,0.3108006159393511,0.3325096047222703,0.5578003496424959,0.2249032372008238,0.7247545601195161,0.262800406422356,0.3145100742586461,0.1870991497326544
2025-09-24,0.3626768278127609,0.2461113781415985,0.2454579009497562,,0.3196701662505604,,0.3062640284085858,0.4310681225500112,0.3047665319749323,0.3389967780642552,0.5436399869327385,0.2265792802590165,0.718726441563901,0.2591004645968068,0.3066574167352187,0.1839826813307793
2025-09-25,0.3616963766344707,0.2620927940389467,0.2468395805287165,,0.3198515369455057,,0.3085250041379849,0.4292613293175191,0.3041784633226813,0.3310403060601957,0.5437476347347896,0.2281885043476817,0.7647711615012243,0.284316171801354,0.3029084783229421,0.1805095325271689
2025-09-26,0.3342624897371057,0.2432498469901606,0.2383426473936572,,0.2996794221053013,,0.2902182409812091,0.4017908768928267,0.2880926051050422,0.3088367564884309,0.5351513477343597,0.209863594414255,0.7344317025507208,0.2622963737465716,0.2228592641641661,0.1751541371798236
2025-09-29,0.3529714132819231,0.2474176748127672,0.2573635926650321,,0.2998748353421732,,0.2980207245165036,0.4313833366912885,0.3088343164103193,0.3283320066687306,0.5470943477195421,0.215230350692983,0.7478187767775761,0.2761300401030649,0.2296864518346237,0.1771531026648191
2025-09-30,0.3916761027581443,0.2444221341437844,0.2519460381214595,,0.2988974114156801,,0.3154079107755639,0.4269487291134401,0.312049963554347,0.3213604782165159,0.5525304538448197,0.2217056072593947,0.7153580441380188,0.2819232365840019,0.2364923449641531,0.1719440789354361
2025-10-01,0.3899182951649784,0.2603052605537725,0.2795868845706554,,0.30784455279913,,0.3202668634463609,0.4417945142839142,0.3192558692912876,0.3325197380439861,0.5611437406543025,0.2250138162674829,0.7348492811799617,0.3024228363241836,0.2315866788170363,0.1800938867719084
2025-10-02,0.3971548001592502,0.2652515321727458,0.2737278001577082,0.5714276305844684,0.3116716804417413,,0.3219801907617379,0.4508732672428351,0.3212430916867334,0.3285311683842873,0.5534791732356338,0.2302384685197546,0.6769862393429927,0.2850603716385075,0.2228017177260974,0.1932732445311251
2025-10-03,0.3766812871564097,0.2584025600319769,0.2705496379715552,0.5591660868467991,0.3050071092115772,,0.3219802074647828,0.4385353957131123,0.3188609603328519,0.3423058112391323,0.5324071091007188,0.2212950580923458,0.6259157042235329,0.2814023639145167,0.218091678127378,0.1742920749936075
2025-10-06,0.4254138755997573,0.278558905834075,0.3463554724238302,0.6358489250600069,0.3206743722316402,,0.3622002136894827,0.5306878553642083,0.3589515763999935,0.3739989708004186,0.586374893622037,0.2371898536760627,0.6892127063538819,0.3268955995472997,0.2275613058459984,0.2001152994991296
2025-10-07,0.4070706629830473,0.2553194377787012,0.3776333182491035,0.610916305901681,0.3734314426228187,0.6413551140971836,0.4039380925587463,0.5196462797346802,0.4003667606551653,0.3619394799040487,0.6169346436694155,0.2836005939547995,0.7237158746669425,0.3210002693632927,0.2350622922774709,0.23299496744316
2025-10-08,0.4269679891454533,0.2561654695698223,0.3777425115614319,0.6361642544975168,0.3763114132250553,0.7416283460775128,0.4031576399132869,0.5461028425483875,0.4014166554186339,0.3460150874227045,0.5985232240991495,0.2853870625707897,0.7317873823349921,0.3379713363329276,0.2305617442041778,0.2315438581462767
2025-10-09,0.4594449965694734,0.2608436067700504,0.3699762859849621,0.6051117393591594,0.3834524887818393,0.6544904984670562,0.4131860790911431,0.5217198240032034,0.410927911905474,0.3489141971319666,0.5781125527616003,0.2932039239514895,0.6610078680434064,0.3339846417134012,0.2482048037156353,0.2316454909968353
2025-10-10,0.5206990901638365,0.2866704842834231,0.3791838687762841,0.6491312459830044,0.4122667819891654,0.6403008786847685,0.4123585259936582,0.519447984177814,0.4122320736601938,0.387134648697308,0.6042847311465376,0.2987173257386006,0.6806861881561843,0.365569674194519,0.2567431766535877,0.2487535662665187
2025-10-13,0.515901131107906,0.2747855199839869,0.3748660834495154,0.6896826285104822,0.4021634087790926,0.6711598081961491,0.4246676708050644,0.6949575411435779,0.4159033849272139,0.3754103427090134,0.5983512242690611,0.2883424402622354,0.6950379233403923,0.3594346998835309,0.2514009599514032,0.243195011424585
2025-10-14,0.5263067152209963,0.2807392922774739,0.3865825851989191,0.7282981738333699,0.4150201577861778,0.712154386098797,0.4189924735591966,0.6471188211914286,0.4176717372945301,0.3917348762636619,0.5947602673519767,0.319788956157156,0.8787496817417468,0.355161553477182,0.2622412743284125,0.2456733280034689
2025-10-15,0.5255659994660544,0.284725199601903,0.3942994311211475,0.7852318333733127,0.4255212030794054,0.7760827670263253,0.4315750420384443,0.7247168416207405,0.4291430697581745,0.4207043019598125,0.6018585308047618,0.3299684900764356,0.7976952910517061,0.3640482204882838,0.2779113388439219,0.2635947274066506
2025-10-16,0.5268512964097696,0.289618250283248,0.3910693344355058,0.7858078871351075,0.4409702238680431,0.6875990198316271,0.4364977231848679,0.8246859080718943,0.4340048704606156,0.444005173833967,0.6165959132037959,0.3279216407258914,0.7972997565576987,0.3733896948627126,0.2806608606890657,0.2692932156983058
2025-10-17,,0.2842648758593289,0.4037317097541873,,0.4257390626082054,,0.4233472256485767,,0.4156764087793753,,0.6083301243043354,0.3241414155981155,,0.3555057773402591,0.2507050400805738,0.271676722559085
2025-10-20,0.4982829648451493,0.2889228945769135,0.3982586854630787,0.650702128128902,0.4210273848539195,0.6901643900231873,0.4257982784714429,0.5086303995607558,0.4230378489566408,,0.6119701525798878,0.3208713740124858,0.7475633482495855,0.3533681679555551,0.2483974202353347,0.2658297458494945
2025-10-21,0.4867755990799177,0.2792502208968362,0.402371257568587,0.6255237694610825,0.4186101530791887,0.6759262037162542,0.4413806177966229,0.4926794804567842,0.4383113800622112,,0.60881583277973,0.3203168154096804,0.6821473345060886,0.3528410569093668,0.253063308049606,0.2437436495905947
2025-10-22,0.4861976291064663,0.281175169368814,0.4285779183479759,0.6275666753842398,0.4296014185772668,0.6697203007560597,0.4438587666784147,0.4904293612330754,0.4412913502551973,,0.6079531976053701,0.3302421706600513,0.7520952536337191,0.3575693097701105,0.2767158636435096,0.2584375259280048
2025-10-23,0.4817331400520175,0.2697955779059608,0.4145417037173906,0.6172906961907898,0.4146844115427635,0.6531730433178791,0.431934440709759,0.478681960491554,0.428519823846411,,0.567162103698572,0.3226818457402889,0.7408219989812874,0.3587048466736166,0.2594933185985896,0.2630408220806957
2025-10-24,0.4872722354046107,0.2708480361083863,0.4256151515787949,0.6425159242729098,0.4071597339904122,0.6938319995859603,0.4121887391152355,0.4958585745779548,0.4087014342796337,,0.5228595428382742,0.3260246446506697,0.6109383474057017,0.3477272538197627,0.2416454443872973,0.2599109809030768
2025-10-27,0.5374643738919789,0.2892417576848317,0.468268438695526,0.6790539727049281,0.4166165735709925,0.7563804561289197,0.4315040073714535,0.5389708331775279,0.4278784889744101,,0.566418339176954,0.3331488964011458,0.6230207539400908,0.3743914631802387,0.2397473219260969,0.2969978381107627
2025-10-28,0.5622469205373333,0.2878176127976406,0.5303201443075971,0.6902941666237795,0.4363502945437376,0.7428979829336088,0.4535306411837484,0.5831764248223346,0.4497235597385894,,0.6120860736998357,0.3370810443244758,0.8070441475183845,0.3948417203862543,0.249239339055542,0.3100647063486265
2025-10-29,0.6590354019569369,0.3002746134944673,0.5544595252584706,0.7284184627167392,0.4616880818762146,0.7568602874468314,0.4869721165078711,0.6413053362382157,0.4889904061255384,,0.6208573562586744,0.3475795469024226,0.7583863513808464,0.4022541503818369,0.2473083359241823,0.2901185639463358
2025-10-30,0.5686900360162646,0.2893480268008413,0.4590275136862872,0.6333333138323094,0.4865735705181156,0.7442025798944626,0.3388685814876205,0.5775717315635042,0.3388514486065618,,0.5719901732825022,0.343603562887191,0.8192805357751964,0.4099126787470135,0.2507160878729939,0.3618984501169174
2025-10-31,0.5421328444280515,0.2459635357469833,0.4246050849417627,0.687321294551324,0.345224905421039,0.7869293472984229,0.3303688567287242,0.575837537264553,0.3278560218799049,,0.6105785223858476,0.3463504862635558,0.5815457303367546,0.4088983344343645,0.2580312636615981,0.3160332167146891
2025-11-03,0.6203832166685611,0.2445431537793076,0.4335961921116574,0.7201625089926037,0.4327993426524696,0.8029346949429539,0.3237536673214959,0.5615780666345056,0.3207559895552418,0.4242083750130435,0.6644224262138777,0.3637654841830265,0.5673271424199751,0.4378616861321342,0.2788647594074986,0.355183342362588
2025-11-04,0.5652973094190212,0.2520590467639724,0.4467031876419398,0.6868295282632205,0.4864899698590096,0.8138410832590063,0.3216173246537054,0.5585407907828945,0.3206185621484815,0.4283875474599821,0.6187925975632692,0.3779170915670045,0.5498310988087145,0.4240651515969132,0.2803517888835403,0.316409672785464
2025-11-05,0.5910134715028496,0.243846825239013,0.4096577097214238,0.7569196415063876,0.4148872362840745,0.7193225317373104,0.3239245056002837,0.5556190169595353,0.3214483567918301,0.4236353415883552,0.5784441804352747,0.3823068806277805,0.5612223515587578,0.4330778641553182,0.3094680150579848,0.3069306851258596
2025-11-06,0.5048179209531968,0.2632690343452619,0.387564036052364,0.7616449835611868,0.409609534796169,0.693480550751574,0.3381214246333008,0.5464118405735463,0.3403433541968967,0.4150523937216175,0.6097027987463758,0.3947077329827829,0.5545135920229225,0.3285330224499262,0.3027529517709419,0.2407275598280312
2025-11-07,0.5219446855959655,0.2448450086807111,0.3823611418787956,0.71327417278756,0.3463296156360518,0.6057408619125453,0.3323782439026253,0.5293008941427999,0.3289287311871405,0.3891105395924492,0.5700572744232413,0.3965183379748856,0.5611255855178473,0.3237231929860727,0.3186210123811832,0.2372743249140319
2025-11-10,0.505127873095155,0.2442292216066899,0.4712874535840921,0.8170960888170676,0.4207648807305364,0.6639958977797514,0.3333391467257301,0.5699805257058654,0.3326128718398654,0.4094058355901319,0.5466174189433793,0.4369481419825922,0.5316808656211234,0.3323794689771145,0.3198243700237911,0.2360448977129371
2025-11-11,0.5144778744174517,0.2701899839477357,0.5060518590352776,0.8008442332661115,0.4623838268368114,0.6951048286318784,0.3179681237484423,0.5714342061168167,0.3085679391374049,0.3956372075117251,0.528997287029922,0.4510170797844879,0.5286968355983369,0.3517507272434411,0.3238942949791348,0.2366369487878424
2025-11-12,0.5048997729539821,0.2572677654038527,0.5620212246824533,0.7875051384709365,0.4261772893029521,0.7608974073798744,0.32017407325822,0.5823261956725491,0.3171217117377003,0.3836932087973614,0.5206655670927826,0.4722144116814263,0.5221564578958322,0.367271703122481,0.3276065586323575,0.2384029185400247
2025-11-13,0.5201950161006814,0.2862845434928842,0.524233976373468,0.8143259537922714,0.4260898528178805,0.8107818720996771,0.3618553806687684,0.5811557211869561,0.3584111820742844,0.4108677073953814,0.5706121002809112,0.4884407889766642,0.5327739571257917,0.3063309002491432,0.3285152158812094,0.2501752747893143
2025-11-14,0.5140708564981448,0.2743610712902328,0.5974825582484439,0.89602067145834,0.4139073621877067,0.8046541605158719,0.3585896670782202,0.5620050182208061,0.3563035932988268,0.4088400455652228,0.5350180122718671,0.4964732555844027,0.5129430218013693,0.3008194385455135,0.3374482715440534,0.2436028063214561
2025-11-17,0.5320320573659221,0.3029047818485904,0.7103597531077505,1.0957521540449269,0.4955109616188279,0.9421037771147558,0.4461292057124943,0.6942456169737588,0.4438244321968964,0.457128662232224,0.5466975137372647,0.6531885692871217,0.5499630920169496,0.3196412773950396,0.33432042146446,0.2559756320186869
2025-11-18,0.5531970249246846,0.3290910968723998,0.6856187342337142,1.1925457771461978,0.5093050487013493,0.9742257380095868,0.4952923318389922,0.7915406762476777,0.4885711975445035,0.5207208810625426,0.5584055351238205,0.7693557078810999,0.5597298245932706,0.3222077831222004,0.3403782712439293,0.2512606252991283
2025-11-19,0.5567372268094606,0.3488889558721982,0.6403537591280073,1.165981251725194,0.5086566235584551,1.0268385377499043,0.5215419919605002,0.9662589394966548,0.5170880467525952,0.5245277156938095,0.5531409766234396,0.844927060953919,0.566187988731842,0.3380445196796752,0.3354457141016535,0.2487028123242307
2025-11-20,0.5315550117345214,0.374135021881188,0.6960933899806627,1.0852570661246412,0.5025600096484577,0.9570114116800452,0.5261822093874989,1.1107686090684457,0.5282948562765725,0.4975805892071493,0.5847084778633288,0.7612144761551873,0.5659946224486262,0.3137285409240832,0.348223564416652,0.2498004738362523
2025-11-21,0.5103078496080613,,,,,,,,,,0.5504575546546485,,0.5406987091938438,0.3165480528014658,0.3538321957814486,0.2382692186372078
2025-11-24,0.448037735179692,0.2445643510709199,0.2667747877451344,0.7337856636346256,0.3270055412305827,0.597941570054193,0.3911212280213974,0.7670068045827017,0.3902349698520093,,0.5437911808170178,0.2135312072181738,0.5196096228723858,0.2648274943032085,0.3270266696208125,0.2374963415533396
2025-11-25,0.4593628707366853,0.2454664127955455,0.2633237442989045,0.7688672457891104,0.3188455356803693,0.575055969306975,0.3788444216871545,0.7455649828095554,0.3933910185460649,,0.5131414126969736,0.2090199644176876,0.4997163220048643,0.2750984583630805,0.3275152803567803,0.2204025782970407
2025-11-26,0.4212793316244402,0.2330236541497459,0.2541691914596433,0.7531575670022572,0.3083054671375548,0.5342416875353194,0.3548820414585721,0.7241479547168751,0.3538987096680177,,0.4825575920682288,0.2059532552796472,0.4791520109121222,0.2461470231713094,0.3571792097062656,0.2244418789457611
2025-11-28,0.4092724619277648,0.2356531419927109,0.2660286152842588,0.7359220969120855,0.3021609152631632,0.5250443349010416,0.3570698581501254,0.7071282361043758,0.3549196298272902,,0.472317301559904,0.2004282988230592,0.5795074618048244,0.2476648305398681,0.3520016721572838,0.2215039681869136
2025-12-01,0.4243099720541302,0.2780974115188765,0.2835867341714533,0.7909306176034779,0.333751398111582,0.5703791068196433,0.3600666905003495,0.7305497113383821,0.3573944123525162,,0.4803903481081895,0.2197359905932199,0.4994442426152903,0.2610152162134446,0.3753292946079852,0.2309281144598763
2025-12-02,0.4120553155927371,0.2681285609608486,0.2749642527389976,0.810733475666901,0.3157310472669609,0.5468163748732343,0.3501048331237784,0.7031367548450039,0.3326250374408245,0.2931901583821635,0.4596487392943492,0.2172747716303692,0.6287134096506625,0.2760543682991198,0.3926550288127303,0.2364526471234938
2025-12-03,0.4205145781797788,0.2725047162250603,0.2730126789161283,0.8020034384222569,0.2930104182911238,0.5274996669193178,0.3194425254406385,0.6984329821862503,0.3495169541165692,0.2981720483542093,0.4834460989771741,0.2225597332996324,0.6084492547957742,0.2822747439244475,0.3982629558319852,0.2004840539918404
2025-12-04,0.3981215589136669,0.2862094125695094,0.2678329262926235,0.7924301622139474,0.2898106681186564,0.516141271209809,0.3084584052075127,0.5290504839224107,0.3107488003754994,0.3183870541687535,0.4711829390201128,0.2265197156837455,0.5510079360381597,0.2819003856930474,0.2562916529349066,0.1990030156959282
2025-12-05,0.3869757805872426,0.2750468725976422,0.2523794394961436,0.8113640408579473,0.2763353420692498,0.4853499211525442,0.2995886994190591,0.5338504294662482,0.2977529808205744,0.3150770546051497,0.4424329699629576,0.2294690729215377,0.5467706818709824,0.2749239956481537,0.2503761513936363,0.1993428880902945
2025-12-08,0.4015413545765382,0.2888345767795158,0.30910479335909,0.9098115434257884,0.2867777311909199,0.535337476977576,0.3110213029827282,0.5627539195663552,0.3090325847573614,0.3282244328241034,0.4851974599258207,0.2313795288279776,0.5783744929290943,0.2892078071811799,0.2644920657696503,0.2012130699615094
2025-12-09,0.3958352188378503,0.2865955738613067,0.3081182338720559,0.92046698921873,0.2784596710194337,0.572315120620383,0.3010815732827238,0.5540718710603751,0.3004201338466856,0.310673701756482,0.4583123415800429,0.2598370362272442,0.5730258027281432,0.3112937466176928,0.2569358838570717,0.2009637680352241
2025-12-10,0.383565375086171,0.2810569269088367,0.2878968023526362,0.9131615149467832,0.2762236256272762,0.5378006162048645,0.2992605252537501,0.5742887596732853,0.296129091602235,0.3079530561491791,0.4536746508058714,0.2498238048375984,0.5712846388321232,0.3372616644677468,0.2704779790102269,0.1966761706094859
2025-12-11,0.3765298772881673,0.2843658006682097,0.2779821873395581,0.910508297086862,0.2711351418958482,0.5015990928826296,0.2968331556805571,0.5797546679990616,0.296900611928077,0.2938906738627746,0.4521076272676009,0.2717883966259358,0.5583571817324575,0.3200826292562133,0.2534015586698017,0.1889599612333726
2025-12-12,0.3751799849383861,0.287847272331283,0.2565206270827179,0.9478336728882149,0.2670632676333098,0.4929960384247456,0.2837531463874402,0.4536571463006087,0.2822827142941034,0.2913414850102724,0.462875552163688,0.3089565125637147,0.5745845275616841,0.2810585693313849,0.21676816901058,0.1835731067526856
2025-12-15,0.3565219488179414,0.2779578910324401,0.2822797678780654,1.1608353109750065,0.2629892344371442,0.5521606341508754,0.2812657224474125,0.4276905554434112,0.2774976675145956,0.295506430041215,0.5508021064434053,0.3530810927591915,0.5875716728582793,0.3034391133099612,0.2389698611036445,0.1804550896994018
2025-12-16,0.3446357098663933,0.2678413122774917,0.2858042076240881,1.3225572449912757,0.2583084819126335,0.5291681556164608,0.2840807245002504,0.4146140604400314,0.2765922922409121,0.3039838222958811,0.5658150685025168,0.30904247109819,0.5762165482321885,0.2929375535335273,0.2309988491676509,0.1702988295738669
2025-12-17,0.3594461536973116,0.2795202684986422,0.3267514912716426,,0.2676481317111234,0.6318121047835036,0.289837137518862,0.4335196323217095,0.2870353664399792,0.3156376028770757,0.56569273293594,0.3706909034052588,0.6085969789931099,0.2661014609827827,0.227165234634477,0.1889795543817483
2025-12-18,0.3427768188540505,0.2694370988120076,0.4163245235346252,0.7968794034399921,0.2588131573660344,0.5854600394959506,0.2758942087913406,0.4206267152557586,0.2714435480788005,0.311971808312007,0.53055645072191,0.3822653743123617,0.6103748132304166,0.2851468186903757,0.2204390986367866,0.1688293007602679
2025-12-19,0.3311632420450528,0.2663162953964178,,,0.2508519927247427,,0.2640204129100804,0.4138181810080451,0.2619889311941283,0.3083840981809777,,,0.5988519680564057,0.2938375438023869,0.2449164894804928,0.166662761433882
2025-12-22,0.3315470149797233,0.2507752092863388,,,0.243096657484476,0.4422235167637911,0.255577723031675,0.4010374399082209,0.2512022170702039,0.2924332892737677,,0.1959774065861894,0.6314839613042869,0.2934883549974807,0.2392165694210301,0.1662427085194417
2025-12-23,0.3413074457918122,0.2502563641727309,,,0.2386032804934328,0.4360436473877401,0.2535049021301214,0.3945200062985634,0.2510820417616168,0.293801518272398,,0.2069704641070399,0.6086636800517192,0.2842280740269145,0.2204918702868014,0.1670752390563877
2025-12-24,0.3374721982586475,0.2693301311910675,,,0.2337587377017097,0.425219347301606,0.2524741095047465,0.3932368407099838,0.2474073595392265,0.2934380681493881,,0.1984043973371358,0.6182276465905608,0.2947101906443652,0.2189266331254312,0.1599323810372483
2025-12-26,0.3446144276163631,0.2683022659621205,,,0.2319220157417356,0.4313753212162752,0.2483607728081229,0.4043495913912108,0.2455688887056578,0.2920123356724007,,0.2011038272390949,0.6059204255131496,0.2927225235613618,0.22737940814124,0.1655467005405961
2025-12-29,0.3517759396133559,0.3026229050051825,,,0.2358453541040332,0.4460910556626233,0.2458900208654811,0.4080584108966888,0.2430793516090295,0.2872524868769248,,0.2012841134767007,0.66276565932498,0.2785057668192144,0.2250169735986559,0.1681122311766801
2025-12-30,0.3478741055998566,0.2869844168981937,,,0.2336777237944584,0.4331570084780733,0.24627767833391,0.3994940724286574,0.241592374402026,0.3119633870059498,,0.2049425322653806,0.6882949005958513,0.2815485834229903,,0.1727463118953799
2025-12-31,0.3541517811758065,0.2860755458354544,,,0.2346304803511514,0.4466447484342333,0.2447060921799289,0.3916288100713374,0.2400318608390797,0.2992790210925763,0.4070928795849129,0.20517579590652,0.7217538655854323,0.2882124062132731,0.234171684763745,0.1687358343060473
2026-01-02,0.3678236636455591,0.2937123546807388,,,0.2534468319392536,0.4687698858569982,0.2561859212917795,0.4079267209152717,0.2518756536708781,0.2932674794207756,0.3907943312256843,0.2001498363065386,0.6567028527174075,0.2880962491996029,0.2765990348578779,0.1696249224051006
2026-01-05,0.4085275122115767,0.2975731178073443,0.3158342283426079,,0.2573184107430197,0.5066996564230286,0.2719869991291743,0.4471634501127486,0.2676926856042099,0.3214931165945489,0.4038605728632636,0.2367362752550446,0.7253936275513472,0.2830299651136539,0.2717918148308293,0.1756305242193094
2026-01-06,0.3757999636431499,0.2450700092167674,0.4301705852223345,,0.3779293252140154,0.5351135704348954,0.3464775903566633,0.433695178092317,0.3468014093288207,0.3674660837561183,0.4124189758950869,0.2379862115802594,0.5891711245919158,0.2763095480618685,0.2657439111205012,0.2045313820154278
2026-01-07,0.3717393842513157,0.2529358465593981,0.471199230125231,,0.3804448898023344,0.5267983788762819,0.3619200289190419,0.4377415624707758,0.3602290517073313,0.3731831824539225,0.3951111641810852,0.269296495119403,0.5880279675981455,0.2723160403377194,,0.2058535197374563
2026-01-08,0.3652747023353836,0.2587716177874636,0.4606888375798595,,0.381412037602894,0.5107786653519154,0.3654126483062581,0.4114027637598074,0.3626770940480756,0.3692967626503158,0.3868951515722083,0.2813184461158601,0.6143124566792301,0.2730269890175872,0.2619314684254364,0.2045570354319086
2026-01-09,0.3550961231665135,0.2493963482974749,0.4464856034990463,0.5525877032858872,0.3768331994896519,0.5058300993470153,0.3507391696224912,0.4186742580897239,0.3530345284943727,0.364567962350401,0.357879604454779,0.2582525896858048,0.6249991126861653,0.2428973509918419,0.2343996304345513,0.2033676729288952
2026-01-12,0.3535035568579307,0.262027552422536,0.474559717402633,0.6572621350437925,0.3931010901121771,0.5160380132041774,0.3724118384728505,0.5189448633913789,0.368849078735547,0.3851716934814136,0.4238799198918501,0.3342008722065168,0.6186915666716797,0.2943682246979778,0.272070851355255,0.2119137350824474
2026-01-13,0.3536275449395528,0.2558379679261698,0.4409267075664585,0.6331162476734201,0.4021425453225636,0.542689966297775,0.3840263322831662,0.5322495056770606,0.3830607150052714,0.3852196364638104,0.4241660094773658,0.3794778611565583,0.6495508614930792,0.3865074039563723,0.2795429966820327,0.2135712450205482
2026-01-14,0.3522021786277836,0.2606624296515991,0.4380154029939966,0.6689789031085949,0.4080720330699344,0.5504289589084006,0.3848336510254141,0.5360129810873592,0.3793610536605746,0.3884196887142503,0.4073146046882749,0.4240547724523587,0.6521705476188184,0.3582333639599145,0.2903159629126809,0.2125514327918847
2026-01-15,0.3553993065080273,0.256754617538634,0.4460484961430259,0.7111474080588629,0.4027605414326937,0.5456923871061655,0.3668686973883175,0.4937459854968758,0.3634782285569768,0.3742151323195946,0.3892162274496411,0.4991487309666662,0.6106701771629194,0.4924875196314323,0.3034823516796655,0.2043813808844053
2026-01-16,0.349275452188783,0.2502984062259146,0.4483059462982472,,0.3976319867725355,0.5466682236364492,0.3635895614563736,,0.3619512691895448,0.3702602895079837,,,0.6067274812771355,,,0.2074093718126745
2026-01-20,0.3900982734601795,0.2889038683087307,0.4542341010931184,,0.4596256914552747,0.6119106450687989,0.4032706525435082,0.5106389280553114,0.3943669893995787,0.3984325502589622,0.4853600899631294,0.3080266613022325,0.6564146248550597,0.3290102606198716,,0.2325220777322983
2026-01-21,0.3732261248312294,0.2792821499852781,0.4315782121722484,,0.4223612707657752,0.6110580540036671,0.3868592197819728,0.462220415771459,0.3839374090648846,0.3957016956523521,0.4620099950538906,0.3014446982468667,0.8144580656246236,0.3283470896799263,,0.2284764190972745
2026-01-22,0.3627698126891693,0.2735642420656073,0.434499025440342,,0.4130890030767745,0.6211685250281026,0.384946716487531,0.4602547451740043,0.3800395040577483,0.4101332217252317,0.4710480557384571,0.2857903336503859,0.761675601493886,0.3061156188137165,,0.2108663631395742
2026-01-23,0.3659309850067798,0.2769628455573309,0.5143265158309747,,0.432932879887895,0.6053199488361938,0.387504839127362,0.4500032104731335,0.3848536387946299,0.416587716843265,0.4692598719264832,0.2802284536000641,0.5284475097221484,0.3141348598075683,,0.2158152306041381
2026-01-26,0.3686038945782346,0.2916453323588708,0.5714425128252753,,0.4725699713737331,0.6225080490751645,0.4162904581562315,0.4668403390346459,0.4107083414791119,0.4486146187268398,0.4844752731804457,0.286408609902735,0.5259878583705583,0.3546963132156111,,0.2286896611180433
2026-01-27,0.3797907613948208,0.2834829548691424,0.6255987630884726,,0.4907027816885072,0.6259217681072818,0.4236139532000572,0.474237175967974,0.4171807151300022,0.4585602018499445,0.4822598502061043,0.2936462636688414,0.5069082517099782,0.3832530490727064,,0.2403968985947037
2026-01-28,0.4015935044604328,0.2912446703280259,0.6391507209289807,0.7035897219304145,0.4657956503537058,0.683338830658494,0.4205486021842696,0.4997677268136523,0.4167149409653981,0.450524745540397,0.464509717571605,0.3001046721442678,0.566932994568083,0.4018791133426955,,0.2494654011748462
2026-01-29,0.3957846280712028,0.3258874253918506,0.382950648575501,0.6835847366267371,0.4670299405026309,0.6442158751413618,0.4369548386853717,0.498218287620474,0.4334245699728588,0.4153917121041455,0.4284512197855181,0.3069423025166194,0.564820788911068,0.4218299436667873,,0.2411475513592329
2026-01-30,0.4017766577344627,0.2405116873884591,0.3764311166085953,0.6981888141480885,0.5153175754408342,0.6840803979247049,0.4297853747199284,0.4808456156289212,0.4063399947048665,0.3541362544708781,0.4244614070180854,0.3129140062018112,0.5595498840122518,0.4230785760242442,,0.2320409425530027
2026-02-02,0.4059923055851384,0.2373553158035646,0.364738265847349,0.7073758926615333,0.5191806546102423,0.7050088441549115,0.4525915336849231,0.4852231380112448,0.4552663839893225,0.3536822848215143,0.4250674872292499,0.3519581105234326,0.5985981841134048,0.4919892749955751,,0.2488080410878992
2026-02-03,0.4123577100012749,0.2570973242635083,0.3365877199011647,0.7213218733552883,0.5775576503507692,0.7968958084391388,0.4897788238119991,0.5151256719593639,0.4827023672849764,0.346062181038887,0.4297775025070015,0.4053598381506308,0.6412321740176599,0.5469362536427941,0.2669948165813766,0.2591903506271498
2026-02-04,0.4281435691773279,0.2924277548540873,0.3283740229271947,0.7705505823297921,0.6234355711900366,0.6146327715780693,0.5148637904450353,0.6106485649630838,0.5153211915771094,0.3638126544103107,0.4554963119018326,0.4113798552719632,0.6402192803136162,0.5199465492405906,0.275980528986319,0.2644319880958827
2026-02-05,0.4415395224519785,0.3248959113360105,0.3447476845169626,0.7678570948056279,0.497198392660713,0.6007109804224056,0.3969847970348585,0.6305834925514386,0.3916321182795491,0.388110280964509,0.4631513238628467,0.4316658288764931,0.6318427529288088,0.569724907611221,0.2819703816605637,0.2595709805667123
2026-02-06,0.4047672147624637,0.2805457596455685,0.3252171527136345,0.6625466801387608,0.3250988553636668,0.5553085451704491,0.354552475809016,0.6116575351927871,0.3346031011361287,0.3391181009962106,0.4025176756083767,0.4813899682114834,0.6437510567626241,0.5535876255063795,0.272020500232238,0.2248974161126352
2026-02-09,0.4160437253393567,0.2794488381715294,0.3471763663855123,0.7120323989681113,0.3223706999693639,0.5792623734842699,0.3399406764352201,0.63018947554516,0.3096319766862062,0.3530150646459263,0.4000602230187309,0.5111659841276487,0.6187106302078781,0.7093385204901786,0.2764283336158289,0.2487405606511846
2026-02-10,0.3920792598193434,0.27825798080924,0.333931085026213,0.7323871048373901,0.3171337081818076,0.5621979245185201,0.3236659768384985,0.6301291659824136,0.3229288392742819,0.3452230149901863,0.4082008738726621,0.4741157356559701,0.5959969091226294,0.7674295169287687,0.2652078017751266,0.2404169311148187
2026-02-11,0.3835986601340725,0.2977379280619329,0.3278205515603391,0.6790846214466701,0.3200916399089784,0.5606821433316213,0.3154813412294926,0.6270998922765415,0.2880563102289544,0.3506141449700934,0.3991086865774881,0.571719118567206,0.615688055120237,0.7552411179753383,0.269537669922363,0.2305197379797126
2026-02-12,0.4170298185587047,0.3015608411587572,0.3494353662838931,0.7344461706330047,0.329511090952778,0.5828860392034262,0.3415877581704892,0.6501576603301464,0.3233311816042281,0.3583811045423655,0.4278329140231239,0.6103438940320474,0.6155407898595613,0.3324783400378355,0.2937401030112197,0.2597870233848921
2026-02-13,0.3725967683412168,0.2649859130794749,0.3336624814586026,0.6520196840198597,0.3177685600307798,0.5536386543560777,0.3218813148034396,0.6370030333824518,0.2770807363309784,0.3176180700264876,0.3919014062162464,0.6851601509248242,0.5999928020628336,0.3220485382430053,0.2835099196158392,0.2256394443772104
2026-02-17,0.444011675835118,0.3339753810936542,0.3313389358127915,0.8064749451441177,0.3370787148205961,0.663567409742423,0.3111581990600268,0.6516475380378067,0.3678582970184234,0.3857654534157564,0.492338386256726,0.8723906973742198,0.6104942425286424,0.3896795829447392,0.303957633390625,0.273282322311249
2026-02-18,0.409592755354982,0.3120472815069824,0.3346848855157133,0.7833067637961307,0.3249602682768307,0.6331339254216781,0.3090058619543425,0.657675033581436,0.3237152407288891,0.3795424651531255,0.4396328545285384,1.010153183613912,0.5820410943230051,0.4201914979964997,0.3031406409662653,0.2584777387264485
2026-02-19,0.3616672767375927,0.3283283006038991,0.3356879730722152,0.7081898782318405,0.3283510194841165,0.6195390719986233,0.3245883668237649,0.6499101398650117,0.3701465870297046,0.3679913463268705,0.4542251805761078,0.6107211924911353,0.5674736401738528,0.6213005362313191,0.2803164713226107,0.2496482030545149
2026-02-20,,,0.3322147080523092,,0.3362255193382764,,0.3590742550390189,0.6404368314625211,,,,,0.5617777716591674,,0.279103994897748,
2026-02-23,0.5962072462200251,0.345155180974002,0.3309195933156314,0.7499752201659963,0.3480728609652606,0.5788790921101064,0.3642037250455512,0.7012408618287623,0.3782294006502102,,,0.3292389593014655,0.6006539983123137,0.3012083525545319,0.2981989121231567,0.2986937470448313
2026-02-24,0.5889730149481266,0.3397782027547276,0.3166489533082305,0.7769253600901795,0.3483475691916594,0.5940864427841581,0.3515314601543726,0.6989702403523126,0.3529646225381978,,,0.3508853186112974,0.6393520288811004,0.3244452052919452,0.2927565082335644,0.293797592894481
2026-02-25,0.5882119233423562,0.3419231249091131,0.3395649130651396,0.8385579290428749,0.3320334380958383,0.6018352422255666,0.3292714115636836,0.7083106042344463,0.3549003568747364,,,0.3498127431873236,0.6278619791154726,0.3128960130972411,0.2968113722682676,0.2923158658355655
2026-02-26,0.5029032672919409,0.3524679525582915,0.3488306214627555,0.7963822244162642,0.3277972689158972,0.5473150283700953,0.3334111293283062,0.672999769177461,0.3340568737185049,,,0.2707137496455775,0.6029818645791157,0.3131568030351779,0.2869709074265638,0.281880395372912
2026-02-27,0.5071456588040402,0.3480549914493533,0.3321549563815988,0.7801537966642392,0.3432971758206386,0.5348037798367878,0.3370887843945661,0.6711208911223103,0.339821489217658,,,0.3323188598964726,0.5951104689521668,0.3308871820817651,0.3232359845830012,0.2859735686331422
2026-03-02,0.5139143766084345,0.3722129641132314,0.3602367838524547,0.8527333450822785,0.3567323552596082,0.5636449014741506,0.3513511322611389,0.6964244147257522,0.3559752571732484,,,0.4165061990025531,0.6437382623861009,0.3638458249121413,0.357533148254797,0.3110100436108204
2026-03-03,0.5317534253606006,0.3719668680649042,0.3977471007405087,0.8611894490926432,0.3674595139254768,0.5533551918375458,0.3593727645098611,0.7228124178747956,0.3428505518902776,,0.437398561469817,0.4166836252079302,0.609500433117578,0.3609147030302047,0.3519580473267165,0.3255328827025938
2026-03-04,0.535612400144857,0.3626071784177372,0.2948721022381579,0.8632816611590111,0.2896754273510228,0.5655411367347266,0.3424291549303747,0.67376941015345,0.3394946701407327,,0.4316572232909741,0.3433548149618715,0.6427286307275769,0.3807592839167816,0.3514915257489431,0.1573465201124619
2026-03-05,0.5305130618102344,0.261658174919583,0.2967698757005412,0.8482111066161103,0.2850772440770209,0.5529653763610403,0.3346848907632653,0.6253832932303308,0.29831443078659,,0.4279610755805635,0.3224434555966238,0.6240658819734871,0.4178718242281742,0.3125994124934519,0.1583146266323359
2026-03-06,0.5828308024320042,0.2663317045322213,0.3026958785987599,0.9319736144825224,0.3115584478038139,0.5887568618142087,0.3602213791248372,0.7240994105334547,0.306955974636471,,0.4509175004614192,0.3225151855904197,0.6652002765253214,0.3985538121221159,0.2995087408369532,0.1753567083134047
2026-03-09,0.5388920780446903,0.2556599161438109,0.293873443502622,0.9276729549759022,0.2959669520584883,0.5669239526922197,0.361558619991039,0.6959256405471651,0.2877904911398233,,0.4363458694747152,0.3648675027088041,0.6674195942730808,0.3591519234107959,0.3124632567850108,0.1558719226862032
2026-03-10,0.5508782079490764,0.2548718278151694,0.2859610004390316,0.9632192984514214,0.2834896516790492,0.5885051253479482,0.3767470429104865,0.6895084909008699,0.2827648003067937,,0.4361724026571294,0.3767847342742249,0.6668708901521464,0.3839574975285891,0.3050411962931352,0.1626622512515647
2026-03-11,0.5490674952265366,0.2492265711677405,0.2687660187842593,0.9533844547408548,0.2892376477393716,0.5767788861012796,0.3452335353781165,0.6734029594292646,0.2771647056737135,,0.4409654779292199,0.359518666007749,0.6820138628915461,0.4114995481631482,0.2828523292969667,0.1548939301376389
2026-03-12,0.5686917374627783,0.2570992860599212,0.2808054520554852,0.9764254429670168,0.3006536741550717,0.5747745974237937,0.3493970678210493,0.6690212496151352,0.2868592419829792,0.529988714728313,0.4531242864607704,0.3187675648452098,0.6993888128608777,0.4091938102096908,0.3329016576962076,0.1707351437206521
2026-03-13,0.5375900540989211,0.2545224809109893,0.2711191451745417,0.9697926624152132,0.3024887133208424,0.531407146533458,0.3455332703705948,0.6238298550341527,0.2821955437245969,0.4220571665767667,0.447541484653456,0.4739822290358201,0.7302640308028335,0.4329145993078487,0.3138061340547466,0.1705712777228836
2026-03-16,0.6126790367031117,0.2362597458938957,0.2558022912439481,1.2011496870382714,0.2867709363648377,0.5889495360471392,0.3634725430965553,0.7084741236266529,0.2626953447508639,0.4886901281172012,0.4257028092233984,0.4435231916930051,0.8180072579430521,0.5459079039846371,0.3989117468847191,0.1476208571376773
2026-03-17,0.5437319209478945,0.2204618136070838,0.2426782255128956,1.2821934544736129,0.2750006657126868,0.5313885420019123,0.3957555497603249,0.6006094942510665,0.2460182194768392,0.4698572385137949,0.3894172520487442,0.605528790621089,0.6604652753944952,0.706828745294521,0.3387232158892237,0.1413251937642655
2026-03-18,0.567730202391286,0.2345898653512811,0.2536502864643063,1.3649409505610943,0.2997965618610479,0.5869265406465426,0.3909122535426398,0.6411425698782003,0.2591307194546338,0.4680282422669131,0.4008075432078554,0.5105808050132529,0.7062957338456958,0.5338942025846908,0.3324305494418851,0.1529204406079186
2026-03-19,0.5612783394090011,0.2244245223591543,0.2441064030779161,0.9442248714238182,0.3039489943768352,0.5763292341546392,0.4290402084820203,0.8495342128187292,0.253336149818603,0.4985998904732437,0.3908865569101676,0.475303242187812,0.8188160739032824,0.8476928357908945,0.4202116650242272,0.1592141998733393
2026-03-20,,0.2360907952629499,0.2571342351943694,,0.3286286829281699,,,,0.2674883881218459,,0.3990731927970085,,,,,0.17523685755165
2026-03-23,0.3135695969214218,0.2244724581023778,0.2470889974381084,0.6189894695729963,0.3043966728976531,,,,0.2597528062270811,,0.3848847586194537,0.2585323349769766,,0.2244133298063873,0.2354787434877751,0.1605784712923892
2026-03-24,0.3154565122729383,0.2287331660399887,0.2746668123565736,0.6105420808564336,0.3232061071559076,,,,0.2992822381218512,,0.3913783036511997,0.2691761488317229,,0.2549009344695209,0.2455662863866606,0.1626735817023476
2026-03-25,0.3015390247887666,0.2218481995377511,0.2800954948784078,0.6021096440154908,0.2889791776114245,,,,0.2916800507361703,,0.390846274298682,0.2609118593077035,,0.2677673689284019,0.2307585669343456,0.1552486613990229
2026-03-26,0.3579604027325662,0.2408098273884941,0.3018071464925253,0.6303499461902431,0.3239558857419358,,,,0.3363828502503265,,0.3982521010759639,0.2710127017529164,,0.2852073465282291,0.2348185997752256,
2026-03-27,0.3894482026112178,0.2621690549315233,0.3381056284143379,0.6330105911904145,0.3956123872233671,,,,0.3735331524499027,,0.4156178218000457,0.2796691897529467,,0.3172920165104185,0.243815176719866,0.2230032987044277
2026-03-30,0.4202225173180968,0.2623383170231151,0.3324828240622833,0.7575424431641228,0.3961794705755792,,,,0.3889160366098467,,0.4199849783418319,0.2924879638023548,,0.3279029548488403,0.2674212944515379,0.233673304961255
2026-03-31,0.3424786711387211,0.2408311306161493,0.2973456430739969,,0.3470574432214812,,,,0.3401110400706806,,0.3870243332781718,0.2690697631309805,,0.31598790488132,0.254514634910753,0.1986721069447888
2026-04-01,0.3512291748943877,0.2257688320719934,0.327986297797853,0.7034257776412688,0.3227534496955243,,,,0.3064186886808926,,0.3774461106751572,0.2483830353902837,,0.3181778018522682,0.2405825059814977,0.1881736574847152
2026-04-02,0.3369257476612595,0.243779995891584,0.3224561223494527,0.6954290650620456,0.353592327785242,,,,0.3019277468424066,,0.3774180020273424,0.250611475110918,,0.2532901002233065,0.2218368074914739,0.1859267223637117
2026-04-06,0.3415034773329147,0.2531109769908837,0.327278852134565,0.751813506671975,0.3566549622161361,,,,0.3152273285030725,,0.4299900301414096,0.2720908580270022,,0.2590805254609821,0.2219925746819216,0.2064519075494826
2026-04-07,0.3356547728329363,0.2782154818376836,0.3372849135187769,0.7367265834329016,0.3666510071899926,,,,0.3185274361781938,0.4282309156117195,0.4796636118681205,0.2766256930496524,,0.2817260602168338,0.2194828598243843,
2026-04-08,0.3261078261481312,0.2580084270331733,0.3319335807628933,0.692365671303361,0.3568940539620189,,,,0.2764164096502987,0.4266835357181371,0.5045643795609,0.2829564352138057,,0.2732415676738077,0.2101087792704652,0.1806490660473143
2026-04-09,0.3265508486060227,0.2538658206033036,0.3500474402248918,0.6818645052016337,0.3811720727150651,,,,0.288436519493173,0.368018829106199,0.4970998092009419,0.2879045510236243,0.7202900732553447,0.2699774483304885,0.2051903992048747,
2026-04-10,0.3302154877856331,0.2557093057195752,0.3627083805733692,0.6587230158564689,0.3838765854988429,,,,0.2733209392023647,0.3519765240351906,0.4785835986108229,0.2643332769907363,0.6769119858137409,0.2703297083491032,0.1991861679855138,0.158063686856403
2026-04-13,0.3273775091606177,0.2736325047203312,0.3824389725471527,0.7461027684793814,0.3913699075645543,0.5671547494656232,0.2939799136186536,0.4567714347452293,0.2881012058210467,0.3925392261894362,0.5235995866239741,0.2898028555392196,0.7253694233722143,0.3082245868920702,0.2056809511995368,
2026-04-14,0.3319040855527498,0.2870517081994648,0.3790953673672102,0.8030750327468325,0.4132898203688437,0.5750389459786241,0.3354442146252966,0.4766625687836816,0.3243814799404281,0.3635462655708983,0.5539187039949374,0.2895242998385289,0.7940465269463151,0.3024967210839704,0.2041803196918108,0.1867776070179826
2026-04-15,0.335884507854128,0.2890921204130027,0.4007329732245572,0.7845081604051685,0.4028457053236458,0.5924718982257099,0.3127122628378611,0.5001364807363678,0.3106667285277283,0.3911145965810816,0.591074021271058,0.3238511014697093,0.7581023122953754,0.3675213104154569,0.2002149166187886,0.204104935876634
2026-04-16,0.325597120281223,0.2859638546690115,0.3968685483792186,0.6886402887995161,0.3956817785379789,0.5882801982400309,0.3071483424545154,0.427388686813376,0.313128846515511,0.3502851084587753,0.5095124332988098,0.290043175226157,0.6800142923408529,0.3496349432782107,0.193263408104375,0.1648033924355526
2026-04-17,0.3139610996604775,0.2722942286609191,0.3845715002397507,,0.3976708184553784,,,,,,,,,,0.1803796434986478,
2026-04-20,0.3258929779020222,0.2825004054680802,0.3973028119904268,,0.4135546347917937,,,0.4137851606352788,,,0.4674035856358704,0.2559675255947993,,,0.1974178236985392,
2026-04-21,0.3252762411669994,0.2971918442432676,0.4143501976987721,,0.4329256011889984,,,0.4425251537541949,,,0.4870097854426954,0.2582400003340395,,,0.2023726891341273,
2026-04-22,0.3285583323153555,0.2813088443706436,0.4267597505554537,,0.4352921580280206,,,0.4647001581623683,,,0.4864110172153635,0.2646677012201165,,,0.2025855611929995,
2026-04-23,0.3267070428287062,0.2743568037089837,0.4345607150344329,,0.4428906144909871,0.7108558255900527,,0.4640415541861088,,,0.4374797779265216,0.2550512640487293,,,0.1975078364872953,
2026-04-24,0.3597556659074802,0.2895888161811167,0.4460808375134373,,0.4477207092971321,0.7497661763404629,,0.471898936509654,,,0.4254605842594359,0.2565517032747992,,,0.2041981000623941,
2026-04-27,0.4110121635996207,0.3133354135624392,0.4917622731541021,,0.4735242040490976,0.7649300531998723,,0.4836680638601999,,,0.4458280560137561,0.263587057550543,0.8027144008775993,,0.2202949934590762,
2026-04-28,0.3902681591734606,0.3033264019061931,0.5106325540264723,,0.4769379551745704,0.7617566049896809,,0.4633482810214171,,,0.4452865448516651,0.2582353303873546,0.7653690310284401,,0.2089459585784387,
2026-04-29,0.3972294980814381,0.3206624794203255,0.5130697470531627,,0.5338447827339464,0.8011016101322728,,0.4858167926812742,,,0.4422128955799935,0.2664639391857633,0.9342236043830262,,0.2059913286613868,
2026-04-30,0.4055826369018456,0.3513476503108559,0.3060885244066773,,0.2975769907027166,0.7792721989311661,,0.4503713759529499,,,0.4348197919404714,0.2539488556470799,0.8368437692280254,,0.2110658113131562,
2026-05-01,0.3808477839983087,0.2440399496672264,0.2883677870038844,,0.2788389701007367,0.7710075590349706,,0.422783890105565,,,0.4155167380566313,0.2409101931044029,0.8373779704074846,0.6065273873126829,0.2122264391747927,
2026-05-04,0.3991628437343486,0.2535235331175855,0.3108221958364179,,0.306500090333216,0.8357500432622035,,0.451104385298076,,,0.4449651239447213,0.2620071671319574,0.8208741044555381,0.6243149174067556,0.218918561425453,
2026-05-05,0.4302994956028723,0.2391901290193038,0.2994979630704985,0.9043358882757504,0.3102267703654776,0.8757063545144489,,0.4891510717881657,,,0.4493303839317688,0.2602466316519886,0.9292633635182528,0.6267060536194758,0.2237072400709311,0.1646232703692738
2026-05-06,0.4112138117191395,0.2429697710846391,0.2991193172881762,0.8516247883388035,0.305134512122766,0.7090597723913045,0.3051912843284949,0.4513801678221339,0.296941291554685,0.3156729071243651,0.4413333694149655,0.2443026638731375,0.8767315115791867,,0.2470241978174206,0.2088099428564241
2026-05-07,0.3958905228387776,0.2473196698669544,0.3202000190249336,0.8312381076967921,0.2860223517772804,0.6290464060864142,0.3024236042094463,0.4564019028361329,0.2946815888075351,0.3135823819553326,0.4517648679511667,0.2393030772537069,0.8456869151558372,,0.2089001274906385,0.1858377339412409
2026-05-08,0.382670742189822,0.2337392928167414,0.2898228529677193,0.8889185951651252,0.2995034346986251,0.7015758364782061,0.2848673676719545,0.460925285177569,0.2784775875075727,0.2923447278960556,0.4306337289609412,0.2248843583573525,0.9789767915201212,0.9631044164167446,0.2145530528956001,0.2041897792785484
2026-05-11,0.4630038002046467,0.2770351869553226,0.3459462203113932,1.1703998971080964,0.3200374332613616,0.8180053558728501,0.3372133422547166,0.5291924859927982,0.3264146012248071,0.3484848709865271,0.5709845759221702,0.3006497939928236,1.1738429689676233,1.2319308205574468,0.2752622246494209,0.2397520729783842
2026-05-12,0.4800107697840557,0.2808358631921607,0.357775175735225,1.1693930864040778,0.3145500072533696,0.8399783175121426,0.3462430056838241,0.5501120337962587,0.3306073931432272,0.3525166338155937,0.5982017370889482,0.292040958903497,1.0612476817515522,1.2556783265509024,0.2620228448581045,0.2169782678234588
2026-05-13,0.5533029647441795,0.3165884819370717,0.3916906380477865,1.0874951667649686,0.3491486318754763,0.8340773022931558,0.3745293986260973,0.5684435052546052,0.3798522169261395,0.3712184194552773,0.6066225787595529,0.3076298425040736,1.0000759866579247,,0.2791132618716167,0.3037366577978443
2026-05-14,0.7111270827474213,0.3206145407162228,0.4077910808998539,1.2025330083846455,0.364936543775858,1.0087983227993758,0.364883397903543,0.6824892400728756,0.3297962100596497,0.3931943856227599,0.6189258499020492,0.2905934227359966,1.090927058238994,0.7996093489467794,0.2852916228663693,0.3859165928897484
2026-06-02,,,,0.9824238006248864,,,,0.6098055475921599,0.3037670494507272,0.3565371032956414,0.4686551266757112,,0.7865659638839393,,0.2337696256335606,0.2605895441852865
2026-06-03,,,,0.9951918613711496,,,,0.5578969790523711,0.3115009282021029,0.3490421096318468,0.4714192512266932,,0.7834544469038193,,0.2293365244667403,0.254545033593949
2026-06-04,,,,0.9805612671536308,,,,0.4808763104337921,0.310405056713697,0.3298851338057084,0.46350371833148,,0.758173243459755,,0.2222765242959683,0.2325130113937048
2026-06-05,,,,1.0074402001158411,,,,0.4935639848082647,0.3350870116397458,0.3533751008984442,0.4831948350974956,,0.7788428161880251,,0.2496121043374391,0.2391752939688386
2026-06-08,,,,1.0102956348459025,,,,0.4704055551902962,0.318391717955837,0.3562087888643287,0.4797751326024041,,0.8140012123908285,,0.2545049794054622,0.2533929459151726
2026-06-09,,,,1.0314152073578104,,,,0.4884940417034742,0.3246570624632609,0.3478391698615494,0.4839247042287045,,0.8371043308839182,,0.2467759798292411,0.2651477432456481
2026-06-10,,,,1.0547607054782886,,,,0.4903672291016031,0.3254214555156161,0.3570502059308843,0.4953273390105605,,0.8460328235145493,,0.2523038100886708,0.2807275146483812
2026-06-11,,,,1.0639970397433585,,,,0.4852387490124142,0.3351207525037066,0.3634539049825784,0.4973981180574177,,0.8642282039562055,,0.2452238576858201,0.2927455606876394
2026-06-12,,,,1.0657913013995604,,,,0.4700197528213459,0.3143658594199256,0.3631237742427058,0.4859960585917479,,0.925098966070804,,0.22933002823533,0.278755754574189
2026-06-15,,,,1.1009309314838225,,,,0.4611012458457694,0.3039336677197926,0.3422454358932925,0.4505462722180246,,0.9117167217828726,,0.239513690239672,0.2688470511540847
2026-06-16,,,,1.0675923644668244,,,,0.4520966205141192,0.318052149329255,0.3401010935229731,0.4338653202403656,,0.8617962917831097,,0.2409093902137045,0.278101513486914
2026-06-17,,,,1.084160068843534,,,,0.4893495402825269,0.3164161510225993,0.3717823866938248,0.4423512241011743,,0.9170322909826084,,0.232476471834384,0.2999698228010739
2026-06-18,,,,1.095099688804012,,,,0.492783073823226,0.3208143997879539,0.3556586952659285,0.4242282179600706,,0.9680859903694288,,0.226725148391537,0.2676351747910238
2026-06-22,0.3604043844005719,,0.3353513277027591,1.1850706392468529,0.3380237478192606,0.7410967122627437,0.3290850208130592,0.4954928963038524,0.3242030143037754,0.3802179844500511,0.4412509989753373,0.2568613325550708,0.9998492574494512,0.3913427057694473,0.2343088863333468,0.3048099544457185
2026-06-23,0.3793292373125966,,0.3324436641889638,1.1415921882343982,0.3309282751993473,0.7560446919343052,0.3238887677213801,0.4942992680626967,0.3229218193487456,0.3740209892934995,0.4469093488540177,0.2664594904669899,1.0294993818399505,0.4173829296630391,0.2386465109518424,0.3329093692477214
2026-06-24,0.3736159098581491,,0.3471745327728232,1.0668385467087724,0.3361627061455044,0.7462175853300254,0.3270940107083716,0.4966349732546232,0.3300463551129683,0.37921010675329,0.4420858440959387,0.2649205121586479,1.0293264283178385,0.3882962572047163,0.241899514109843,0.3912368364490736
2026-06-25,0.3743995220653101,,0.3855267672379996,1.0640670579187304,0.3497376114724267,0.7372646616471797,0.3252211328686258,0.4913924265390975,0.3158284178400557,0.4033647558673289,0.4321543578811048,0.2475818291639823,0.9738539044769792,0.3596097223930765,0.232581082099917,0.3286314876056931
2026-06-26,0.3514260687660894,,0.3571053106037157,0.943315943024492,0.3111775676928907,0.7007863908465977,0.3183135170367253,0.4602656889729589,0.3330371361522239,0.3862643793644988,0.4258174952021872,0.2262074326615557,0.8997513428207106,0.3436984185833585,0.2159568237147233,0.3039693697364599
2026-06-29,0.3673105484215457,,0.393135589476145,1.0958443606108477,0.3424412544311906,0.7435747694155478,0.3344910570271965,0.4830498218062448,0.3266984033714116,0.3814728803859581,0.4698121236623047,0.2502380394660502,1.0118836417882242,0.3632354903960341,0.2353729237756421,0.2978240890219508
2026-06-30,0.3606860882924335,,0.3499889902646487,1.1021179489864616,0.3493478577359878,0.7805811543917319,0.3043741820507399,0.4787856671793919,0.313572853072868,0.3868568531796891,0.4684082299554582,0.2304345194335694,1.0739897209990332,0.3898139729997582,0.2283802870578105,0.274338789377499
2026-07-01,0.3621517606452382,,0.3544862241302434,1.153927299435232,0.3437075953635249,0.737850272542036,0.3291852255993471,0.4658870748355079,0.3245626576216174,0.3926088665083384,0.4769742393542887,0.2446270122434279,1.0065197046348973,0.3753616755962989,0.2223045234411122,0.2574419115392854
2026-07-02,0.3556116328814534,,0.341946491668263,1.1200221675726465,0.3271926040939041,0.7372147170677281,0.3184427506995112,0.4716051253141379,0.3272364115973225,0.3796383537089259,0.4351987944720194,0.2392486756449534,1.0005944857594744,0.3732698875479939,0.233097620489713,0.2724641181248345
2026-07-06,0.3821952645940431,,0.377814888011308,1.1352259604089858,0.3576915829468327,0.850240218281064,0.357814520750467,0.5181491058442353,0.3590126653726797,0.4069542751751624,0.5065464995613816,0.2736152889784583,1.0624686955211606,0.3856248535038964,0.2514603681363583,0.2752555882081442
2026-07-07,0.400220304893039,0.2710655682665759,0.3718785288627302,1.127303128265536,0.3570091261537194,0.8095733690144749,0.38598353954205,0.5042652495013163,0.3367213231584455,0.4686843585146641,0.4913873935508779,0.2649479856595653,0.9648219146908408,0.3935907834924139,0.2558043612896468,0.2822999580984626
2026-07-08,0.4072395963449948,0.2683060419668293,0.3458402640804309,1.131972126255716,0.3386129123877117,0.8100682911347199,0.378877996596816,0.5565338836455687,0.3384165593453446,0.4738046961663317,0.4671298164082132,0.2468348634126436,0.9600985807237202,0.3992604290214438,0.2698561600393291,0.2528582711150018
2026-07-09,0.3922623458081717,0.2706294766744503,0.3496744983726513,1.1585577430632423,0.3584906421182403,0.8125562888492597,0.3794956926110109,0.5559611457500102,0.3099719347079971,0.5107022662650454,0.463439984082142,0.2389683986625334,0.93875299377456,0.2828395245660101,0.2434244332920429,0.2860213320271105
2026-07-10,0.3856489194263319,0.2689547572278422,0.3399274556976809,1.0058292492175174,0.3143932056425259,0.7757495039123152,0.3748896256239984,0.4734514230912254,0.3055021347497902,0.5576766633651901,0.4522365911392016,0.2154674943590416,0.911373527998423,,0.2154479929160644,0.2389822433122193
2026-07-13,0.3941721297693393,0.2837103145629338,0.414706286132607,1.1495514776334668,0.3881144405906259,0.9482135727562694,0.3823013619369375,0.5640877464072139,0.361239826701256,0.5285989940307648,0.5009409482157249,0.2774596299151013,0.9294071848975162,0.3472392283427451,0.263484533097318,0.3003266187915251
2026-07-14,0.3966381222841981,0.2767608684768018,0.4284815512985276,1.2620485571154347,0.3837265474491499,0.9564202190886798,0.3876204895462862,0.6114004222646615,0.3887627869050048,0.518181312586473,0.4807627265986952,0.2669785133028262,0.944691512469322,0.480641219065259,0.2753095698605852,0.3120318755032802
2026-07-15,0.3950328688973409,0.2846571998183314,0.446397935091986,1.1072277461921174,0.4159972129787126,0.9402055362827562,0.386888707023722,0.636436371946618,0.533256717437114,0.5259089388631124,0.4945476552909995,0.3025082716172858,0.9503850972199526,0.4552811887638978,0.2732056945035602,
2026-07-16,0.392734561907756,0.3115365460514628,0.5503520478290572,1.0856804623988408,0.467001849465063,0.9161798246604536,0.3930996241959105,0.6445840940415392,0.4863486565633551,0.5158177060228604,0.4947838677256719,0.2780950518154302,0.9535031399809912,0.4586783048859714,0.2971946004720886,0.2013146406544528
2026-07-17,0.3967965465152903,0.3167120845287505,,,,,0.3894810218684586,,,0.548020326855859,,,0.9862971981504284,,,0.2351299329761348
2026-07-20,0.3771779612698109,0.3241766062593977,,,0.4234766687356115,0.8856681664495447,0.3947834523452683,0.5236307537932584,0.3939372042965001,0.5438639417055604,0.4959849648629666,0.3368439970211341,1.0133644583276735,0.5405312758296887,0.237446026671782,0.2359269284953166
2026-07-21,0.3709005637727952,0.3129757612836934,,,0.4215725064855756,0.8671371752695665,0.3963171544741204,0.5196108469307658,0.3899760315532936,0.5535370939012209,0.4843904635178527,0.3140122784627611,1.0348483550306302,0.5056714518556219,0.2224079037902884,0.2328584208733933
2026-07-22,0.3810344183429615,0.3157887900835284,,,0.4368066525922497,0.8793989710293233,0.4006492691940252,0.5486905743341394,0.3978797617407246,0.5508574728959018,0.4871541303355113,0.3296871618991619,1.0316737378304202,0.4974133847255791,0.2222511379233031,0.2444020022866966
2026-07-23,0.3839473791384277,0.3057130735116495,,,0.4413112292812754,0.8633850995269079,0.3284702606627458,0.5244906654205026,0.327924528671798,0.5565323458782362,0.478401090726506,0.3281583509556975,1.0071970824619343,0.5152324665381177,0.2202797482286662,0.2469983212582094
2026-07-24,0.3814933395919086,0.3130975225142159,,,0.4267861424507433,0.8401588497857158,0.3011188687790097,0.5055415620034683,0.2977467175051263,0.5147918900824349,0.4871255502381507,0.3017217854951015,0.8442975419364686,0.5007094185673925,0.2089629413771925,0.2262207524719993
2026-07-27,0.3847142365778355,0.3317111882532365,,0.9456688210362988,0.4413562747145903,0.8417441413163871,0.3117613671620275,0.518477385290722,0.3114063529095242,0.5337571505239542,0.488447721613611,0.2851621110784779,0.8347167775756664,0.5430679129041666,0.22075731072855,0.2228616787784808
2026-07-28,0.3891808345499647,0.3417053777407923,,0.9555831158661636,0.4476749271932131,0.830961097602259,0.3114352694658415,0.5270053132562131,0.3092622171046339,0.5444882370856211,0.4953365282278251,0.3474366155025755,0.8536535217726439,0.5557435319709002,0.2261993043512004,0.2208386582000515
2026-07-29,0.4059977080287521,0.3483257409901631,,0.9707331109471204,0.4681782583218858,0.8553494929578669,0.3265211891883399,0.5292020619388874,0.326566332661008,0.560589426990658,0.5177950817995911,0.309835952904209,0.8668659675259314,0.5518289003205817,0.2163609404468438,0.2231991844255107
2026-07-30,0.3725894383825753,0.33541761116193,,0.93985431936827,0.5240527096403836,0.8265578936247254,0.3105174414046455,0.5127665981188261,0.3097789641558229,0.3892194481086075,0.4965164074849265,0.3313584338899937,0.8360438982340388,0.5362161331581264,0.2191032116820953,0.2305015206088929
2026-07-31,0.3666007201991983,0.278266034840102,,0.9204036570924368,0.3182232496174644,0.8283794163315431,0.3262936416002182,0.4981213224121535,0.3228028317475624,0.3830523451853321,0.4867114527888561,0.3801286007287627,0.8354291790850094,0.5728822780145105,0.2308862413307555,0.2009010752147627
2026-08-03,0.3840607952227762,0.2785885333138313,,0.915011589548607,0.3691114898781389,0.8536856870398607,0.36562052389607,0.5118966194936464,0.3513462762773185,0.4192182168238775,0.4878610448722066,0.3633027369464399,0.8293922822413762,0.6040151655555362,0.2547366991081581,0.2045245359892546
2026-08-04,0.3829044052792143,0.2720930537712313,,0.9452557826332352,0.350463055399257,0.919989905746872,0.3713485205060028,0.5789416618158395,0.3692966697662022,0.4114527989303038,0.493317034275441,0.3180920168468644,0.9186651497663736,0.6241680410611057,0.250463059884052,0.2320447903470656
2026-08-05,0.3827510019244866,0.2619191237971461,,0.8881439610414276,0.3253112921093837,0.6947516806171808,0.3688131436418491,0.4980362508010939,0.3553131182280514,0.3906143901375746,0.4697316199744213,0.2788793687888498,0.8203145997476261,0.6030361280786498,0.2307424976933121,0.21571655129556
2026-08-06,0.3691764109661191,0.2506989434502031,,0.7877375778742535,0.3166729524495632,0.6737496223549958,0.3167346682292642,0.5382061056393641,0.3204969197690299,0.3704535232902743,0.4692565290022617,0.3266988095284961,0.7982905220537866,0.5555972338138144,0.2165845062777913,0.2097793968200431
2026-08-07,0.3443059702327751,0.2332672156607258,,0.7179479563788719,0.3057097902098074,0.5995244745694712,0.2992552105928737,0.4472197961267283,0.2924192140132452,0.3469788415458775,0.4397734571615804,0.3278106529572889,0.7310942510646314,0.5428522280466331,0.1990889817784928,0.1871208633496267
2026-08-10,0.3649768599865484,0.2411095920486593,0.3154427645896449,0.7391116245168254,0.3342954539157627,0.6162173446776363,0.3090695145785362,0.4957623603821436,0.2987733744567327,0.3659730331483511,0.4397198335013503,0.419889404318911,0.7248670027690852,0.6048387962599829,0.2139363800106564,0.1996576469955827
2026-08-11,0.3465622286503823,0.2323915895823451,0.3017536033220913,0.6858626586513129,0.299294779969641,0.5867518452799387,0.3082739232461777,0.470760390661095,0.3008427704929826,0.3863467017806999,0.4202934709951442,,0.6907476204882567,0.6380610216699155,0.2015480262036013,0.1860119694454388
2026-08-12,0.3528464893495617,0.2293785559220229,0.2757861499727576,0.6835774575927229,0.2968835676814814,0.5552376414563363,0.2922603237927256,,0.2868395988697582,0.3874797120888881,0.4325308204524378,,0.6898483769256947,0.6926097646887402,0.1875808253692187,0.1723775733771904
2026-08-13,0.3305810603051407,0.2285810448653295,0.2663550379746298,0.6603010071617611,0.2939508144642416,0.5358050680491416,0.278585095482301,0.4718102809433189,0.2660216637380596,0.2397157426403833,0.4134287208823474,,0.7798917807523655,0.3361163628156578,0.2010648501688995,0.1902806959105989
2026-08-14,0.3138945470628583,0.2017688085452991,0.2453994644636402,0.6143627345345053,0.2522705849832709,0.5660311225877482,0.2543872246273527,0.3461436153835053,0.2455821333044979,0.3648081152185852,0.395610639588915,0.4529603006761234,0.5230153146252836,0.2879125039100013,0.1739974855566602,0.1566410292283128
2026-08-17,0.3847932523881228,0.2479530743906633,0.292580021189817,0.6932159279790405,0.3062169518812585,0.5981291814722761,0.3008561121756541,0.4981033951620419,0.2924648193736022,0.3785663512013615,0.4749773061412339,0.6000778232539483,,0.3414295187851086,0.2215063398955033,0.1885967149325057
2026-08-18,0.3690061721544938,0.276724073706286,0.2976823301711591,0.7334296741471243,0.3201018478041765,0.6139557368733594,0.2990624194036411,0.4829860999211549,0.3009951264840645,0.4200854650175811,0.5193095146622962,,0.6848086208941765,0.3264496745516951,0.2841847178865018,0.1987036484566634
2026-08-19,0.3964810139153654,0.3053415538115268,0.2977624027207107,0.7064528927660041,0.3625907299054335,0.6039376902345588,0.311464652918909,0.4471668971365005,0.312826397035317,0.4199900403659347,0.5070203233301448,0.7694464467357536,0.710654676353236,0.34509748649047,0.3030273747669244,0.1949793040990974
2026-08-20,0.3879193482950872,0.3043523823815437,0.2968016251024767,0.7474978466944904,0.3503329995487461,0.5866170518615841,0.3121099399365006,0.4347403191987313,0.3084160151640429,0.4380307540621681,0.5249985830476248,0.3069346965676054,0.6430633719387981,0.3258428924320887,0.285106547570813,0.1908077974849599
