,NVDA,AAPL,MSFT,MU,AMZN,AMD,GOOGL,AVGO,GOOG,META,TSLA,WMT,INTC,CSCO,COST,QQQ
2025-06-23,,0.2557869057953159,,,,,0.3993920450778422,,0.3965723735125606,0.3265139098158949,0.637768885609327,,,,,
2025-06-24,,0.2553676490091339,,,,,0.3924506819571561,,0.3902034213959356,0.3238937420110248,0.6228723058665897,,,,0.2561728460017885,
2025-06-25,,0.2538126759215994,,,,,0.3814804863216888,,0.3786035435162304,0.3252015222544721,0.6216699629224517,,,,0.2542396919081391,
2025-06-26,,0.2580421152162612,,,,,0.3729072752061638,,0.3695561871369103,0.3263122691080898,0.6093183704532074,,,,0.2426097694955263,
2025-06-27,,0.259268931374661,,,,,0.3554955043664028,,0.3663290648156395,0.3270500930397363,0.6001825874116881,,,,0.245345020384733,
2025-06-30,,0.2684732499802844,,,,,0.3801753093166549,,0.3751215288315179,0.3341176507500746,0.5940974894919847,,,,0.2502711577791828,
2025-07-01,,0.2596176003729522,,,,,0.3785406739711278,,0.4078844680179204,0.3302609359617035,0.6066426597676594,,,,0.2477419772027771,
2025-07-02,,0.2518626288394845,,,,,0.3685851305814459,,0.3657615795003399,0.3277226392617308,0.60209282973926,,,,0.247976710973487,
2025-07-03,,0.2445184305681357,,,,,0.3633521299023738,,0.3581191348801363,0.3229537012079648,0.5867542728339583,,,,0.2425126591428322,
2025-07-07,,0.2596879588441581,,,,,0.3858020844007924,,0.3828313338133088,0.3335898400833804,0.6161146026661181,,,,0.2543057303423731,
2025-07-08,,0.2563363649094647,,,,,0.3890712083552299,,0.3835065489949472,0.3280350133376322,0.5953663911328668,,,,0.2534271563039614,
2025-07-09,,0.2535616232053475,,,,,0.3850682097551527,,0.3795528902048733,0.3286129128692197,0.5766694792583827,,,,0.2455585738999585,
2025-07-10,,0.2480900419802111,,,,,0.3800116910618105,,0.3850003888005842,0.3254851970800516,0.578434240803413,,,,0.2415698601797365,
2025-07-11,,0.2490049930083779,,,,,0.3740523904757175,,0.369255276766783,0.3213494465950349,0.5778187952555476,,,,0.2371538527710707,
2025-07-14,,0.2591350242576638,,,,,0.378733281705727,,0.3730507613629789,0.3266030646710073,0.5757575347948934,,,,0.2428259557523379,
2025-07-15,,0.2610276632949525,,,,,0.3792896857132158,,0.3743932277337383,0.3269085380625958,0.5738012455234679,,,,0.2407044546607913,
2025-07-16,,0.2576253854684489,,,,,0.3780944087060801,,0.3747988478471936,0.32629582876297,0.5689537528678043,,,,0.2333305887540417,
2025-07-17,,0.259979627159631,,,,,0.3777647738657162,,0.3726740722733069,0.3280504767004739,0.5678036325381411,,,,0.2299340546692747,
2025-07-18,,0.2561689645968379,,,,,0.3668327594466888,,0.3631877162747215,0.3233862541744002,0.5606337964039834,,,,0.225237233197306,
2025-07-21,,0.2551536410707566,0.2384412448343231,,,,0.349336613130674,,0.3435477243512082,0.322070797349248,0.5690044416207755,,,,0.2247983937382885,
2025-07-22,,0.2528506998110357,0.2429101938155462,,,,0.3628720161347618,,0.3584418971868994,0.332494395374918,0.5682594749598211,,,,0.2194165409900685,
2025-07-23,,0.258478064095098,0.2330570763225169,,,,0.4515065250434874,,0.4868024543543298,0.3218747839301138,0.565880660337483,,,,0.2228981682351652,
2025-07-24,,0.2577258504960599,0.2352512918222171,,,,0.3233859086274937,,0.3209264196583083,0.3189280970149695,0.5346411730380473,,,,0.2185479184434051,
2025-07-25,,0.2535587963405278,0.2394063073076254,,,,0.3161591820135997,,0.3114208036196278,0.3143547397814837,0.5352660286395888,,,,0.2118420782033448,
2025-07-28,,0.2552523447389306,0.2377009451836234,,,,0.3107826755377162,,0.3420438497701464,0.3287473538280029,0.522041260566826,,,,0.2158428422623035,
2025-07-29,,0.2665108441384342,0.2483893922677772,,,,0.2995402451450938,,0.3283435998795773,0.3414493552087094,0.522794458942589,,,,0.2205038191655742,
2025-07-30,,0.2712722714643361,0.2349790572227616,,,,0.2963049881546401,,0.2869874800632792,0.3422973618008216,0.5197319791016229,,,,0.2160916150102348,
2025-07-31,,0.2909989462309209,0.2493715544115228,,,,0.3189702860082903,,0.3485922197676581,0.2830087714121747,0.5266901064326195,,,,0.2266913077941283,
2025-08-01,,0.2765440687795473,0.2493297329972149,,,,0.3214927700663942,,0.3172434419205899,0.2844277033368043,0.5372434183844073,,,,0.2344491488128246,
2025-08-04,,0.2680119411975778,0.2536321440265674,,,,0.3317818795268129,,0.2935901998999797,0.3018058707753065,0.5250716195898167,,,,0.2306146221389748,
2025-08-05,,0.2715535296936962,0.2496747901701681,,,,0.3026081361200861,,0.2992049173569835,0.2947861522411948,0.5248127728631968,,,,0.2323409634151105,
2025-08-06,,0.2503247715313618,0.2427219742096237,,,,0.2947010276826177,,0.2903792483408297,0.2831248095915229,0.5116340125396058,,,,0.2419988371251197,
2025-08-07,,0.2398145585299846,0.2461991258903796,,,,0.3035750223200046,,0.2994927731239415,0.2816482610797223,0.5180034638163329,,,,0.2502137563481904,
2025-08-08,,0.2444817630867586,0.2341889218350283,,,,0.2925493058934419,,0.2888489094335109,0.2711626239159154,0.5183470340659272,,,,0.242423853587323,
2025-08-11,,0.2419432126638802,0.2462993715935795,,,,0.3064197313813103,,0.3028042547347455,0.2812254785515055,0.5309440685003405,,,,0.2574161869792668,
2025-08-12,,0.2359851232920816,0.2430912362718499,,,,0.3110957132562232,,0.3061846305595344,0.2871359030613533,0.5091183128190115,,,,0.2521086991933035,
2025-08-13,,0.2400394178072188,0.2378757439856177,,,,0.316966995982159,,0.3081281758160205,0.2790156380025284,0.5136054786202683,,,,0.2444980176324135,
2025-08-14,,0.2296834739841633,0.2340889644885469,,,,0.32657940181442,,0.3321756908784432,0.2689533856111611,0.5151883878599466,,,,0.2437506392656542,
2025-08-15,,0.2259281113068358,0.2333143002207691,,,,0.3189089179322472,,0.3080774861593967,0.2788688056353764,0.517567424937489,,,,0.2421815774316152,
2025-08-18,0.4228258642073499,0.2305410981989947,0.2353145800737545,,0.2330307412495167,0.4492329340649966,0.3235454828679121,,0.3185843317202565,0.281145250494417,0.5122324692261205,0.28358279063648,,0.2769943346307028,0.2412326840522572,
2025-08-19,0.4418349537356112,0.2224586317461823,0.2306960229182286,,0.2353898017213137,0.4564931379810761,0.3412556107294854,,0.3353490078268572,0.279397841766153,0.5192730785831138,0.2993094554564152,0.6774977342986266,0.2783946342074352,0.2550571913869199,
2025-08-20,0.4481010057298433,0.2279168847386016,0.22084693428777,,0.2422406332593152,0.4530660835937935,0.3513894380564645,,0.3377757060640667,0.2795696618581675,0.539465868401191,0.3098147791075976,0.6522413565520468,0.2824588294293932,0.2747732646318303,
2025-08-21,0.4540322439499491,0.2226587233549996,0.2259686180936517,,0.2451019349458596,0.4477450168264913,0.350774663675124,,0.3451554337898596,0.2812842223745262,0.5515325554237617,0.2142685317924597,,0.2882456510687969,0.2588705979254678,
2025-08-22,0.4487012185022518,0.2206149934319271,0.2117171990265842,,0.2307061498927989,0.4343916048715361,0.3375591231857152,,0.340618555417743,0.26436519698448,0.5319835321813172,0.2051875193686578,0.6972183827862126,0.2784950345373836,0.2304274316593068,
2025-08-25,0.466595879304603,0.2377822937382486,0.2137300609621788,,0.2361284066081498,0.43474551324187,0.3527183607820958,,0.3432288544711998,0.2660554504624722,0.5398618244664231,0.2107124956650797,0.6920378705856527,0.2834487614315463,0.2324416632231876,
2025-08-26,0.4767054429556364,0.2405444823274292,0.2113075973741391,,0.2319094224168776,0.4467364386461857,0.3703330598675889,,0.3543878093174912,0.2635032451754531,0.5365603862281333,0.2008811235135809,0.7105034243137531,0.3234813264247224,0.2318753448254903,
2025-08-27,0.4735521021348973,0.2398118931720251,0.215416237982966,,0.2340808246684499,0.4488318884228621,0.3929736517952535,,0.3812222497648576,0.2654838961030158,0.5269879251383485,0.2014905356271705,0.6660129866176296,0.3256600714857516,0.2403252207359554,
2025-08-28,0.3379455893750819,0.2367468615290941,0.2016950492563037,,0.228430821755252,0.4091192955000725,0.3754200745664838,,0.3392921478704876,0.2521770699745728,0.5126474744698041,0.2044330530242811,0.6682156664722657,0.358272082833305,0.2246053783015068,
2025-08-29,0.3372862201498874,0.2268520804397712,0.2176378033625932,,0.2240299173598476,0.4101645245890081,0.3881429409670121,,0.3752276230040212,0.2556680033138991,0.5120966213378862,0.1926053048829075,0.6922488103725075,0.3493840696025828,0.2174783562454061,
2025-09-02,0.3532167000817449,0.2481597922948747,0.234130458006227,,0.2394875363032512,0.4442977241366315,0.4041082151288067,,0.4009842337823285,0.2772723154424549,0.5548504207317054,0.2013528593447252,0.6814193341771655,0.3381571841875533,0.2246194104972337,
2025-09-03,0.3361174704134557,0.2315836247905816,0.2262779062994525,,0.2384993332779453,0.4230054554640444,0.3269987093739236,,0.3221861422960683,0.2978366817428564,0.5495462784807391,0.2057677420548585,0.7071466127708429,0.3465620787927767,0.2407913127014083,
2025-09-04,0.3164592921957843,0.2207114995577862,0.2199993873753723,,0.2513623697249931,0.4128722378338293,0.2901091429635045,,0.288102161798722,0.2976923159108565,0.5275013426952089,0.2125660069430606,0.684913257334815,0.3548163378088407,0.2718580583270498,
2025-09-05,0.3317543587385709,0.2180827399401915,0.2114379728225505,,0.2416294172486944,0.4058984553336644,0.2873841157129132,,0.2831067723647504,0.3018562184376548,0.5320210091526308,0.20707108594704,0.6776588259463817,0.3005472530543669,0.2731321158828071,
2025-09-08,0.3340043132368254,0.2416231822651159,0.2123203987167565,,0.2687818617828348,0.4174670821657315,0.2910013667104835,0.4306616998159391,0.2870233610467566,0.3103755611947636,0.5299791875098318,0.2411836464507343,0.6072548109593868,0.3253251963588641,0.2908193538448922,
2025-09-09,0.3341702389128335,0.248778805957737,0.2154371433273078,,0.2735998238474428,0.4211078909967822,0.2917715702875298,0.4013943768744604,0.2887316033313735,0.3135909859092398,0.5183054663301315,0.2493908489475435,0.6419033000738388,0.3536225994336365,0.3018051956289266,0.1441118386413037
2025-09-10,0.3584648972373797,0.2969851090156264,0.2223495014061357,,0.2784561425848986,0.4438610394147209,0.3005824384004785,0.6191127434146309,0.2956852000388636,0.3146101939383725,0.5281153655324915,0.2411774257211635,0.6791308983248076,0.4186274889651828,0.2901211118198387,0.1467382389080867
2025-09-11,0.3189852321961982,0.2649585433277359,0.2149794614587415,,0.2635302479612431,0.4115763294815996,0.3022203301003401,0.5212140976667506,0.2982534658457951,0.306170600680006,0.549548146302912,0.2574585472760628,0.6474963646079852,0.4027216359263602,0.2973044504518271,0.1489175423874331
2025-09-12,0.3009009309073682,0.2513181393969826,0.2298060303453489,0.5068734942888758,0.2561647764641555,0.4142885529261106,0.3034117192969491,0.5301833352631223,0.2938912502834687,0.308423271060626,0.571277838028854,0.2654734529326891,0.7403987266939402,0.3323371340193851,0.296504090961912,0.1511432797916428
2025-09-15,0.3743133154411063,0.2785841384223879,0.2499358066110169,0.6035074743968661,0.317936149116001,0.491949901615504,0.3963655031455134,0.7074768423615037,0.3963474260376118,0.3305167464638297,0.5852281658564015,0.3524714748639177,0.7070505431276722,0.4557971132794942,0.3091429682323003,0.1586771837086911
2025-09-16,0.4016564852399109,0.3032941854132518,0.2450926031812662,0.5756076472193773,0.3235663460907586,0.512915072745666,0.3850313610340722,0.7600589782677769,0.3802317770782172,0.3494990573224918,0.5677573100889847,0.3781599268850928,0.718176217108747,0.4952298920607924,0.301853682655968,0.1666507570952448
2025-09-17,0.4489786058060845,0.3005273321367423,0.2341484352322381,0.5543475466687803,0.3169293043636702,0.5423945118837161,0.3893265377332706,0.6231958527581613,0.3839300333042242,0.3419140916055177,0.5607852235112332,0.4988184465047696,0.6725785052300133,0.6364957968914874,0.3080484454137766,0.1634308279210247
2025-09-18,0.4120427043989921,0.3575069825777487,0.2367643828241559,0.8507235270160668,0.3228154390950521,0.5791973810850747,0.3660414325700659,0.6439666881905018,0.3589358305595778,0.3418131063608419,0.558962399595953,0.5673523046844428,0.6808264676209904,1.1365395785221148,0.2947339357281402,0.1647244618494391
2025-09-19,,0.2352873208052218,0.2444332789137024,,0.3252247534407,,0.3525253573742447,,0.3493163241130663,0.3343846587217802,0.5413985519807103,0.2639917867813419,0.674598806314512,0.2818724961911549,0.3007002587588481,0.1740305124289678
2025-09-22,0.3939299126018079,0.2640503020332547,0.2552198682596591,,0.2988850916297673,,0.3058837630754956,0.4485161264712504,0.3055737715782263,0.3356589649999539,0.558066311041916,0.2326949405902177,0.736242602139854,0.2833642686650202,0.3017349057026826,0.1837182457478705
2025-09-23,0.383984381999163,0.2581106090246505,0.2578414849360263,,0.3209288201187152,,0.3135775434767315,0.4453054570534632,0.3108006159393511,0.3325103644645139,0.5578003496424959,0.2249032372008238,0.7247545601195161,0.262800406422356,0.3145104451844,0.1870991497326544
2025-09-24,0.3626768278127609,0.2461113781415985,0.2454579009497562,,0.3196701662505604,,0.3062640284085858,0.4310681225500112,0.3047665319749323,0.3389959332467123,0.5436399869327385,0.2265792802590165,0.718726441563901,0.2591004645968068,0.3066570296598788,0.1839826813307793
2025-09-25,0.3616963766344707,0.2620927940389467,0.2468395805287165,,0.3198515369455057,,0.3085250041379849,0.4292613293175191,0.3041784633226813,0.3310395717283469,0.5437476347347896,0.2281885043476817,0.7647711615012243,0.284316171801354,0.3029088664083127,0.1805095325271689
2025-09-26,0.3342624897371057,0.2432498469901606,0.2383429569091138,,0.2996794221053013,,0.2902182409812091,0.4017908768928267,0.2880926051050422,0.3088367564884309,0.5351513477343597,0.209863594414255,0.7344317025507208,0.2622971363829863,0.2228589877889076,0.1751541371798236
2025-09-29,0.3529714132819231,0.2474176748127672,0.2573632322068938,,0.2998748353421732,,0.2980207245165036,0.4313829883926193,0.3088343164103193,0.328332785250368,0.5470943477195421,0.215230350692983,0.7478187767775761,0.2761300401030649,0.2296864518346237,0.1771531026648191
2025-09-30,0.3916761027581443,0.2444221341437844,0.2519460381214595,,0.2988974114156801,,0.3154079107755639,0.4269487291134401,0.312049963554347,0.3213604782165159,0.5525304538448197,0.2217056072593947,0.7153580441380188,0.2819232365840019,0.2364923449641531,0.1719440789354361
2025-10-01,0.3899182951649784,0.2603048330407649,0.2795868845706554,,0.30784455279913,,0.3202668634463609,0.4417945142839142,0.3192558692912876,0.3325197380439861,0.5611437406543025,0.2250138162674829,0.7348492811799617,0.3024228363241836,0.2315863668480293,0.1800938867719084
2025-10-02,0.3971548001592502,0.2652515321727458,0.2737278001577082,0.5714276305844684,0.3116716804417413,,0.3219801907617379,0.4508732672428351,0.3212430916867334,0.3285311683842873,0.5534791732356338,0.2302384685197546,0.6769862393429927,0.2850598684263241,0.222802030452738,0.1932732445311251
2025-10-03,0.3766805341307051,0.2584025600319769,0.2705505178881636,0.5591660868467991,0.3050071092115772,,0.3219802074647828,0.4385353957131123,0.3188609603328519,0.3423058112391323,0.5324071091007188,0.2212950580923458,0.6259157042235329,0.2814023639145167,0.2180919890459503,0.1742920749936075
2025-10-06,0.4254146178525587,0.2603490872221619,0.378498714567042,0.6358489250600069,0.3751711130722379,,0.4046957770631572,0.5306873562418455,0.402774983988195,0.3739989708004186,0.628593632637561,0.2826918164639784,0.6892127063538819,0.3196861754385848,0.2333064147165082,0.2295736477122769
2025-10-07,0.4070698986875937,0.2553194377787012,0.3776333182491035,0.610916305901681,0.3734314426228187,0.6413551140971836,0.4039380925587463,0.5196457587585877,0.4003667606551653,0.3619394799040487,0.6169346436694155,0.2836005939547995,0.7237158746669425,0.3210002693632927,0.2350626028400324,0.23299496744316
2025-10-08,0.4269679891454533,0.2561657801400221,0.3777425115614319,0.6361642544975168,0.3763114132250553,0.7416283460775128,0.4031576399132869,0.5461035101321101,0.4014166554186339,0.3460150874227045,0.5985232240991495,0.2853870625707897,0.7317873823349921,0.3379716027284217,0.2305620598306256,0.2315438581462767
2025-10-09,0.4594449965694734,0.2608434637758018,0.3699762859849621,0.6051117393591594,0.3834524887818393,0.6544904984670562,0.4131860790911431,0.5217205132812187,0.410927911905474,0.3489152921641807,0.5781125527616003,0.2932039239514895,0.6610078680434064,0.3339846417134012,0.2482048037156353,0.2316454909968353
2025-10-10,0.5206990901638365,0.2866704842834231,0.3791834423495094,0.6491308804220074,0.4122667819891654,0.6403008786847685,0.4123585259936582,0.5194475309128024,0.4122320736601938,0.387134648697308,0.6042847311465376,0.2987173257386006,0.6806861881561843,0.365569674194519,0.2567431766535877,0.2487539795967362
2025-10-13,0.5159028080073939,0.2747855199839869,0.3748660834495154,0.6896832318003755,0.4021634087790926,0.6711598081961491,0.4246676708050644,0.6949589043884464,0.4159033849272139,0.3754103427090134,0.5983512242690611,0.2883424402622354,0.6950379233403923,0.3594346998835309,0.2514013827732736,0.243195011424585
2025-10-14,0.5263067152209963,0.28073915919741,0.3865825851989191,0.7282981738333699,0.4150201577861778,0.712154386098797,0.4189924735591966,0.6471188211914286,0.4176717372945301,0.3917348762636619,0.5947602673519767,0.319788956157156,0.8787496817417468,0.3551618091627314,0.2622422398196973,0.2456733280034689
2025-10-15,0.5255659994660544,0.2847253388530963,0.3942994311211475,0.7852318333733127,0.4255212030794054,0.7760827670263253,0.4315750420384443,0.7247168416207405,0.4291430697581745,0.4207027931439991,0.6018585308047618,0.3299684900764356,0.7976952910517061,0.3640482204882838,0.2779108123918939,0.2635947274066506
2025-10-16,0.5268512964097696,0.289618250283248,0.3910693344355058,0.7858060764672923,0.4409702238680431,0.6875990198316271,0.4364977231848679,0.8246886762520425,0.4340048704606156,0.444005173833967,0.6165959132037959,0.3279216407258914,0.7972997565576987,0.3733896948627126,0.2806604811616375,0.2692932156983058
2025-10-17,0.4579756174534786,0.2842648758593289,0.4037317097541873,,0.4257390626082054,,0.4233472256485767,,0.4156764087793753,,0.6083301243043354,0.3241414155981155,0.685700141037469,0.3555057773402591,0.2507050400805738,0.271676722559085
2025-10-20,0.4982829648451493,0.2889228945769135,0.3982586854630787,0.650702128128902,0.4210273848539195,0.6901643900231873,0.4257982784714429,0.5086299224893088,0.4230378489566408,0.4062428725090922,0.6119701525798878,0.3208713740124858,0.7475633482495855,0.3533681679555551,0.2483974202353347,0.2658304392571217
2025-10-21,0.4867755990799177,0.2792498176990341,0.402371257568587,0.6255240858592849,0.4186101530791887,0.6759262037162542,0.4413806177966229,0.4926794804567842,0.4383113800622112,0.3964008126086806,0.60881583277973,0.3203168154096804,0.6821473345060886,0.3528410569093668,0.253063308049606,0.2437436495905947
2025-10-22,0.4861971917656562,0.281175169368814,0.4285779183479759,0.6275663739715811,0.4296014185772668,0.6697203007560597,0.4438587666784147,0.4904293612330754,0.4412913502551973,0.4081786942142935,0.6079531976053701,0.3302421706600513,0.7520952536337191,0.3575693097701105,0.2767158636435096,0.2584375259280048
2025-10-23,0.4817331400520175,0.2697955779059608,0.4145417037173906,0.6172903455726887,0.4146844115427635,0.6531730433178791,0.431934440709759,0.478681960491554,0.428519823846411,0.3951658759815848,0.567162103698572,0.3226818457402889,0.7408219989812874,0.3587051492334006,0.2594933185985896,0.2630408220806957
2025-10-24,0.4872727836599919,0.2708480361083863,0.4256151515787949,0.6425159242729098,0.4071597339904122,0.6938319995859603,0.4121887391152355,0.4958591332150918,0.4087014342796337,0.3948950833721438,0.5228595428382742,0.3260246446506697,0.6109383474057017,0.3477272538197627,0.2416454443872973,0.2599109809030768
2025-10-27,0.5374650539923399,0.2892412241885239,0.468268438695526,0.6790544596731447,0.4166165735709925,0.7563804561289197,0.4315040073714535,0.5389715030006315,0.4278784889744101,0.3999718806246634,0.566418339176954,0.3331488964011458,0.6230207539400908,0.3743911159698875,0.2397478693916078,0.2969978381107627
2025-10-28,0.5622469205373333,0.2878170664255928,0.5303201443075971,0.6902941666237795,0.4363502945437376,0.7428979829336088,0.4535306411837484,0.5831764248223346,0.4497235597385894,0.4027666577872076,0.6120860736998357,0.3370810443244758,0.8070441475183845,0.3948417203862543,0.2492388359173475,0.3100647063486265
2025-10-29,0.6590354019569369,0.3002740411500004,0.5544612033947052,0.7284184627167392,0.4616880818762146,0.7568602874468314,0.4869721165078711,0.6413053362382157,0.4889904061255384,0.4051280564219087,0.6208573562586744,0.3475795469024226,0.7583863513808464,0.4022545147400227,0.247308767617061,0.2901170455298331
2025-10-30,0.5686900360162646,0.2893474044475488,0.4590275136862872,0.6333327207854413,0.4865735705181156,0.7442025798944626,0.3388685814876205,0.5775717315635042,0.3388514486065618,0.3673798434396257,0.5719901732825022,0.343603562887191,0.8192805357751964,0.4099130980181071,0.2507160878729939,0.3618974385308246
2025-10-31,0.5421328444280515,0.2459635357469833,0.4246050849417627,0.687321294551324,0.345224905421039,0.7869293472984229,0.3303688567287242,0.575837537264553,0.3278560218799049,0.3800064383536033,0.6105785223858476,0.3463504862635558,0.5815457303367546,0.4088983344343645,0.2580312636615981,0.3160319492162252
2025-11-03,0.6203847056389648,0.2445431537793076,0.4335961921116574,0.7201616551163135,0.4327993426524696,0.8029346949429539,0.3237536673214959,0.5615780666345056,0.3207559895552418,0.4242071662783888,0.6644224262138777,0.3637654841830265,0.5673271424199751,0.4378616861321342,0.2788647594074986,0.3551847447764491
2025-11-04,0.5652973094190212,0.2520590467639724,0.446702316542848,0.6868289417854401,0.4864899698590096,0.8138410832590063,0.3216173246537054,0.5585407907828945,0.3206185621484815,0.4283875474599821,0.6187925975632692,0.3779170915670045,0.5498310988087145,0.4240647133422256,0.2803534628345244,0.316409672785464
2025-11-05,0.5910124103061576,0.243846825239013,0.4096577097214238,0.7569186547261202,0.4148872362840745,0.7193225317373104,0.3239245056002837,0.5556190169595353,0.3214483567918301,0.4236353415883552,0.6763982598238124,0.3823068806277805,0.5612223515587578,0.4330783057336119,0.3094672794652158,0.3069292227481233
2025-11-06,0.5048179209531968,0.2632690343452619,0.387564036052364,0.761643912142406,0.409609534796169,0.693480550751574,0.3381214246333008,0.5464118405735463,0.3403433541968967,0.4150523937216175,0.6097027987463758,0.3947077329827829,0.5545135920229225,0.3285327898715839,0.3027529517709419,0.2407275598280312
2025-11-07,0.5219442870784483,0.2448450086807111,0.3823611418787956,0.7132753965609621,0.3463296156360518,0.6057408619125453,0.3323782439026253,0.5293008941427999,0.3289287311871405,0.3891105395924492,0.5700572744232413,0.3965183379748856,0.5611255855178473,0.3237229606177054,0.3186210123811832,0.2372746824662985
2025-11-10,0.505127873095155,0.2442292216066899,0.471286431121826,0.8170960888170676,0.4207648807305364,0.6639958977797514,0.3333391467257301,0.5699805257058654,0.3326128718398654,0.4094075909610852,0.5466174189433793,0.4369481419825922,0.5316808656211234,0.3323794689771145,0.3198249063282541,0.2360448977129371
2025-11-11,0.5144778744174517,0.2701899839477357,0.5060518590352776,0.8008459791952408,0.4623838268368114,0.6951048286318784,0.3179681237484423,0.5714342061168167,0.3085679391374049,0.3956372075117251,0.528997287029922,0.4510170797844879,0.5286968355983369,0.3517507272434411,0.3238942949791348,0.2366369487878424
2025-11-12,0.5048992736810245,0.2572689162177386,0.5620200277670857,0.7875026885115168,0.4261772893029521,0.7608974073798744,0.32017407325822,0.5823250509813659,0.3171217117377003,0.3836932087973614,0.5206655670927826,0.4722144116814263,0.5221564578958322,0.367271703122481,0.3276065586323575,0.2384033693595156
2025-11-13,0.5201950161006814,0.2862845434928842,0.524232815731448,0.8143259537922714,0.4260898528178805,0.8107818720996771,0.3618553806687684,0.5811557211869561,0.3584111820742844,0.4108677073953814,0.5706121002809112,0.4884407889766642,0.5327739571257917,0.3063309002491432,0.3285145902505762,0.2501752747893143
2025-11-14,0.5140708564981448,0.2743610712902328,0.5974825582484439,0.8960176548496298,0.4139073621877067,0.8046541605158719,0.3585896670782202,0.5620040878321139,0.3563035932988268,0.4088400455652228,0.5350180122718671,0.4964732555844027,0.5129430218013693,0.3008198423063282,0.3374482715440534,0.2436024257392645
2025-11-17,0.5320320573659221,0.3029047818485904,0.7103597531077505,1.0957558113472607,0.4955109616188279,0.9421037771147558,0.4461292057124943,0.6942456169737588,0.4438244321968964,0.4571302539013604,0.5466975137372647,0.6531885692871217,0.5499630920169496,0.3196412773950396,0.3343198303483081,0.2559756320186869
2025-11-18,0.5531970249246846,0.3290899025239796,0.6856204020091019,1.1925457771461978,0.5093050487013493,0.9742257380095868,0.4952923318389922,0.7915406762476777,0.4885711975445035,0.5207208810625426,0.5584055351238205,0.7693557078810999,0.5597298245932706,0.3222081858800611,0.3403782712439293,0.2512602915733309
2025-11-19,0.5567372268094606,0.2852753305466008,0.6403537591280073,1.1659845109751583,0.3284062226792205,1.0268385377499043,0.5215419919605002,0.9662616128659376,0.5170880467525952,0.3532478620967699,0.5531409766234396,0.844927060953919,0.566187988731842,0.3380445196796752,0.3354466823914991,0.2487024586783661
2025-11-20,0.5315550117345214,0.2957355170672048,0.6960933899806627,1.0852570661246412,0.3340855998954111,0.9570114116800452,0.3575937873789402,0.5823013671328738,0.3633434831081149,0.3503893866770721,0.5847084778633288,0.7612144761551873,0.5659946224486262,0.3137281965808205,0.348224065954367,0.2498004738362523
2025-11-21,0.5103078496080613,0.2932057103503004,,,0.3137851163388995,,0.3552363584400693,0.5626731825929834,0.3437848203095191,0.3364804782020326,0.5504575546546485,,0.5406987091938438,0.3165480528014658,0.3538316530796929,0.2382692186372078
2025-11-24,0.448037735179692,0.2445637050553702,0.2667747877451344,0.7337856636346256,0.3270055412305827,0.597941570054193,0.3911212280213974,0.7670068045827017,0.3902349698520093,0.3327571689108509,0.5437911808170178,0.2135312072181738,0.5196096228723858,0.2648271229652382,0.3270271960008559,0.2374963415533396
2025-11-25,0.4593632659918356,0.2454664127955455,0.2633237442989045,0.7688672457891104,0.3188455356803693,0.575055969306975,0.3788444216871545,0.7455649828095554,0.3933910185460649,0.3276287366336158,0.5131414126969736,0.2090199644176876,0.4997163220048643,0.2750988423535524,0.3275152803567803,0.2204025782970407
2025-11-26,0.4212788985168855,0.2330236541497459,0.2541691914596433,0.7531575670022572,0.3083054671375548,0.5342416875353194,0.3548820414585721,0.7241479547168751,0.3538987096680177,0.3160854373431955,0.4825575920682288,0.2059532552796472,0.4791520109121222,0.2461470231713094,0.357179913583112,0.2244418789457611
2025-11-28,0.4092724619277648,0.2356531419927109,0.2660286152842588,0.7359218679673526,0.3021609152631632,0.5250443349010416,0.3570698581501254,0.7071282361043758,0.3549196298272902,0.3149620913762155,0.472317301559904,0.2004282988230592,0.5795074618048244,0.2476648305398681,0.3520016721572838,0.2215039681869136
2025-12-01,0.4243099720541302,0.2780974115188765,0.2835867341714533,0.7909308751098042,0.333751398111582,0.5703791068196433,0.3600666905003495,0.7305497113383821,0.3573944123525162,0.3205987806518066,0.4803903481081895,0.2197359905932199,0.4994442426152903,0.2610152162134446,0.3753292946079852,0.2309281144598763
2025-12-02,0.4120553155927371,0.2681285609608486,0.2749642527389976,0.810733475666901,0.3157310472669609,0.5468163748732343,0.3501048331237784,0.7031367548450039,0.3326250374408245,0.2931901583821635,0.4596487392943492,0.2172747716303692,0.6287134096506625,0.276053905699266,0.3926550288127303,0.2364519609940026
2025-12-03,0.4205150727736537,0.3054919762826051,0.2730126789161283,0.8020034384222569,0.2930104182911238,0.5274996669193178,0.3400948779797816,0.5333989979905944,0.3495169541165692,0.2981720483542093,0.4834460989771741,0.2225597332996324,0.6084492547957742,0.2822752837980298,0.2587281709131458,0.2004840539918404
2025-12-04,0.3981212560657755,0.2862094125695094,0.2678329262926235,0.7924301622139474,0.2898106681186564,0.516141271209809,0.3084584052075127,0.5290504839224107,0.3107488003754994,0.3183870541687535,0.4711829390201128,0.2265197156837455,0.5510079360381597,0.281900867469267,0.2562915013063579,0.1990030156959282
2025-12-05,0.3869757805872426,0.275045704915355,0.2523794394961436,0.811364309326387,0.2763353420692498,0.4853499211525442,0.2995886994190591,0.5338504294662482,0.2977529808205744,0.3150770546051497,0.4424329699629576,0.2294690729215377,0.5467706818709824,0.2749239956481537,0.2503763009715139,0.1993428880902945
2025-12-08,0.4015413545765382,0.2888345767795158,0.30910479335909,0.9098115434257884,0.2867777311909199,0.535337476977576,0.3110213029827282,0.5627539195663552,0.3090325847573614,0.3282244328241034,0.4851974599258207,0.2313795288279776,0.5783744929290943,0.2892072315043348,0.2644919163531072,0.2012126421653693
2025-12-09,0.3958352188378503,0.2865944297563657,0.3081182338720559,0.9204673709621264,0.2784596710194337,0.572315120620383,0.3010815732827238,0.5540718710603751,0.3004201338466856,0.310673701756482,0.4583123415800429,0.2598370362272442,0.5730258027281432,0.3112931330857831,0.2569358838570717,0.2009633283301204
2025-12-10,0.383565375086171,0.2810556274324352,0.2878968023526362,0.9131615149467832,0.2762236256272762,0.5378006162048645,0.2992605252537501,0.5742879578395533,0.296129091602235,0.3079530561491791,0.4536746508058714,0.2498238048375984,0.5712846388321232,0.3372616644677468,0.2704778375699548,0.1966761706094859
2025-12-11,0.3765298772881673,0.2843658006682097,0.2779821873395581,0.910508297086862,0.2711351418958482,0.5015990928826296,0.2968331556805571,0.5797546679990616,0.296900611928077,0.2938906738627746,0.4521076272676009,0.2717883966259358,0.5583571817324575,0.3200826292562133,0.2534014131517983,0.1889599612333726
2025-12-12,0.3751799849383861,0.2878459671990363,0.2565206270827179,0.9478336728882149,0.2670632676333098,0.4929960384247456,0.2837531463874402,0.4536571463006087,0.2822827142941034,0.2913408891141591,0.462875552163688,0.3089565125637147,0.5745845275616841,0.2810585693313849,0.21676816901058,0.1835731067526856
2025-12-15,0.3565216802474314,0.2779578910324401,0.2822797678780654,1.1608348728939066,0.2629892344371442,0.5521606341508754,0.2812657224474125,0.4276905554434112,0.2774976675145956,0.295506430041215,0.5508021064434053,0.3530810927591915,0.5875716728582793,0.3034385187908308,0.2389698611036445,0.1804550896994018
2025-12-16,0.3446354296255424,0.2678413122774917,0.2858042076240881,1.3225567787277803,0.2583084819126335,0.5291681556164608,0.2840807245002504,0.4146140604400314,0.2765922922409121,0.3039838222958811,0.5658150685025168,0.30904247109819,0.5762165482321885,0.2929375535335273,0.2309988491676509,0.1702984708159708
2025-12-17,0.3594459182418536,0.2795202684986422,0.3267514912716426,1.5058321680799531,0.2676481317111234,0.6318121047835036,0.289837137518862,0.4335196323217095,0.2870353664399792,0.3156376028770757,0.56569273293594,0.3706909034052588,0.6085969789931099,0.2661014609827827,0.227165234634477,0.1889795543817483
2025-12-18,0.3427768188540505,0.2694370988120076,0.4163245235346252,0.7968794034399921,0.2588131573660344,0.5854600394959506,0.2758942087913406,0.4206267152557586,0.2714435480788005,0.311971808312007,0.53055645072191,0.3822653743123617,0.6103748132304166,0.2851468186903757,0.2204390986367866,0.1688293007602679
2025-12-19,0.3311635634841092,0.2663162953964178,0.4106000906763027,,0.2508519927247427,0.5084585964313234,0.2640204129100804,0.4138181810080451,0.2619889311941283,0.3083840981809777,,,0.5988519680564057,0.2938375438023869,0.2449164894804928,0.166663181880727
2025-12-22,0.3315470149797233,0.2507752092863388,0.4337562831132067,,0.243096657484476,0.4422235167637911,0.255577723031675,0.4010374399082209,0.2512022170702039,0.2924332892737677,,0.1959774065861894,0.6314839613042869,0.2934883549974807,0.2392166884825999,0.1662427085194417
2025-12-23,0.3413079373738013,0.2502563641727309,0.4313225676801258,,0.2386032804934328,0.4360436473877401,0.2535049021301214,0.3945200062985634,0.2510820417616168,0.293801518272398,,0.2069704641070399,0.6086636800517192,0.2842287761258653,0.2204917546109297,0.1670752390563877
2025-12-24,0.3374721982586475,0.2693301311910675,0.426199521188304,,0.2337587377017097,0.425219347301606,0.2524741095047465,0.3932368407099838,0.2474073595392265,0.2934380681493881,,0.1984043973371358,0.6182276465905608,0.2947109031262129,0.2189266331254312,0.1599323810372483
2025-12-26,0.3446144276163631,0.2683041496735572,0.4342129453502852,,0.2319220157417356,0.4313753212162752,0.2483607728081229,0.4043495913912108,0.2455688887056578,0.2920123356724007,,0.2011038272390949,0.6059204255131496,0.2927232978016147,0.2273795445492115,0.1655467005405961
2025-12-29,0.3517759396133559,0.3026229050051825,0.4390096277543699,,0.2358453541040332,0.4460910556626233,0.2458900208654811,0.4080584108966888,0.2430793516090295,0.2872524868769248,,0.2012841134767007,0.66276565932498,0.2785057668192144,0.2250171057357343,0.1681122311766801
2025-12-30,0.3478741055998566,0.2869865538597558,0.464320835623518,,0.2336777237944584,0.4331570084780733,0.24627767833391,0.3994940724286574,0.241592374402026,0.3119633870059498,,0.2049425322653806,0.6882949005958513,0.2815485834229903,0.2237284747579067,0.1727463118953799
2025-12-31,0.3541512563798521,0.2860755458354544,0.4504861831472819,,0.2346304803511514,0.4466447484342333,0.2447060921799289,0.3916292940050482,0.2400318608390797,0.2992790210925763,0.4070928795849129,0.20517579590652,0.7217538655854323,0.2882124062132731,0.234171684763745,0.1687358343060473
2026-01-02,0.3678236636455591,0.2937123546807388,0.396640391507682,,0.2534468319392536,0.4687698858569982,0.2561859212917795,0.4079267209152717,0.2518756536708781,0.2932674794207756,0.3907943312256843,0.2001498363065386,0.6567028527174075,0.2880962491996029,0.2765990348578779,0.1696249224051006
2026-01-05,0.3894710473533445,0.243284364231597,0.4096647612264574,,0.3545821342754253,0.5433649570755303,0.3531317626940998,0.4471634501127486,0.3512399526540323,0.3605359752009093,0.4038605728632636,0.2367362752550446,0.5871706714507954,0.2830299651136539,0.2717918148308293,0.1977855031975114
2026-01-06,0.3757999636431499,0.2450700092167674,0.4301705852223345,,0.3779293252140154,0.5351135704348954,0.3464775903566633,0.433695178092317,0.3468014093288207,0.3674660837561183,0.4124189758950869,0.2379862115802594,0.5891711245919158,0.2763095480618685,0.2657437211132469,0.2045313820154278
2026-01-07,0.3717393842513157,0.2529358465593981,0.471199230125231,,0.3804448898023344,0.5267983788762819,0.3619200289190419,0.4377415624707758,0.3602290517073313,0.3731831824539225,0.3951111641810852,0.269296495119403,0.5880279675981455,0.2723167195128566,0.235757044329773,0.2058535197374563
2026-01-08,0.3652744267958047,0.2587716177874636,0.4606888375798595,,0.381412037602894,0.5107786653519154,0.3654126483062581,0.4114027637598074,0.3626770940480756,0.3692967626503158,0.3868951515722083,0.2813184461158601,0.6143124566792301,0.2730269890175872,0.2619314684254364,0.2045570354319086
2026-01-09,0.3550961231665135,0.2493963482974749,0.4464856034990463,0.5525882287893846,0.3768331994896519,0.5058300993470153,0.3507391696224912,0.4186736017039907,0.3530345284943727,0.364567962350401,0.357879604454779,0.2582525896858048,0.6249991126861653,0.2428967596579767,0.2343999084969686,0.2033676729288952
2026-01-12,0.3535035568579307,0.2620279558100751,0.474559717402633,0.6572621350437925,0.3931010901121771,0.5160380132041774,0.3724118384728505,0.5189448633913789,0.368849078735547,0.3851716934814136,0.4238799198918501,0.3342008722065168,0.6186915666716797,0.2943689964427766,0.272070851355255,0.2119137350824474
2026-01-13,0.3536275449395528,0.2558383837318906,0.4409267075664585,0.6331162476734201,0.4021425453225636,0.542689966297775,0.3840263322831662,0.5322495056770606,0.3830607150052714,0.3852196364638104,0.4241660094773658,0.3794778611565583,0.6495508614930792,0.3865060529085566,0.2795429966820327,0.2135712450205482
2026-01-14,0.3522024520929555,0.2606620222966292,0.4380154029939966,0.6689789031085949,0.4080720330699344,0.5504289589084006,0.3848336510254141,0.5360129810873592,0.3793610536605746,0.3884196887142503,0.4073146046882749,0.4240547724523587,0.6521705476188184,0.3582333639599145,0.2903159629126809,0.2125514327918847
2026-01-15,0.3553989945353716,0.256754617538634,0.4460484961430259,0.7111466728581448,0.4027605414326937,0.5456923871061655,0.3668686973883175,0.4937459854968758,0.3634782285569768,0.3742151323195946,0.3892162274496411,0.4991487309666662,0.6106701771629194,0.4924875196314323,0.3034823516796655,0.2043813808844053
2026-01-16,0.349275452188783,0.2502984062259146,0.4483059462982472,,0.3976319867725355,0.5466682236364492,0.3635895614563736,0.5220905524900779,0.3619512691895448,0.3702602895079837,,,0.6067274812771355,,0.2359493936505922,0.2074093718126745
2026-01-20,0.3900985330048014,0.2889038683087307,0.4542341010931184,,0.4596256914552747,0.6119106450687989,0.4032706525435082,0.5106389280553114,0.3943669893995787,0.3984325502589622,0.4853600899631294,0.3080266613022325,0.6564146248550597,0.3290102606198716,0.2457265918458204,0.2325220777322983
2026-01-21,0.3732261248312294,0.2792819917987746,0.4315782121722484,,0.4223612707657752,0.6110580540036671,0.3868592197819728,0.462220415771459,0.3839374090648846,0.3957016956523521,0.4620099950538906,0.3014446982468667,0.8144580656246236,0.3283470896799263,0.2478781928666958,0.2284764190972745
2026-01-22,0.3627698126891693,0.2735642420656073,0.434499025440342,,0.4130890030767745,0.6211685250281026,0.384946716487531,0.4602547451740043,0.3800395040577483,0.4101332217252317,0.4710480557384571,0.2857903336503859,0.761675601493886,0.3061156188137165,0.2411884447149818,0.2108663631395742
2026-01-23,0.3659309850067798,0.2769626840033968,0.5143265158309747,,0.432932879887895,0.6053199488361938,0.387504839127362,0.4500035701910369,0.3848536387946299,0.416587716843265,0.4692598719264832,0.2802284536000641,0.5284475097221484,0.3141348598075683,0.2404095716109561,0.2158152306041381
2026-01-26,0.3686038945782346,0.2916453323588708,0.5714425128252753,,0.4725699713737331,0.6225080490751645,0.4162904581562315,0.4668403390346459,0.4107083414791119,0.4486146187268398,0.4844752731804457,0.286408609902735,0.5259878583705583,0.354695888779625,0.2420099139166377,0.2286896611180433
2026-01-27,0.3797907613948208,0.2834829548691424,0.6255987630884726,,0.4907027816885072,0.6259217681072818,0.4236139532000572,0.474237175967974,0.4171807151300022,0.4585602018499445,0.4822598502061043,0.2936462636688414,0.5069082517099782,0.3832530490727064,0.2434272701446656,0.2403968985947037
2026-01-28,0.4015930553664638,0.2912446703280259,0.6391507209289807,0.7035897219304145,0.4657956503537058,0.683338830658494,0.4205486021842696,0.4997677268136523,0.4167149409653981,0.450524745540397,0.464509717571605,0.3001046721442678,0.566932994568083,0.4018791133426955,0.2464919687743229,0.2494654011748462
2026-01-29,0.3957846280712028,0.3258874253918506,0.382950648575501,0.6835847366267371,0.4670299405026309,0.6442158751413618,0.4369548386853717,0.498218287620474,0.4334245699728588,0.4153917121041455,0.4284512197855181,0.3069423025166194,0.564820788911068,0.4218294249186728,0.2478342607188847,0.2411475513592329
2026-01-30,0.4017766577344627,0.2405116873884591,0.3764311166085953,0.6981888141480885,0.5153175754408342,0.6840803979247049,0.4297853747199284,0.4808451259668755,0.4063399947048665,0.3541362544708781,0.4244614070180854,0.3129140062018112,0.5595498840122518,0.4230785760242442,0.245257224565893,0.2320409425530027
2026-02-02,0.4059919076936826,0.2373553158035646,0.364738265847349,0.7073758926615333,0.5191806546102423,0.7050088441549115,0.4525915336849231,0.4852231380112448,0.4552663839893225,0.3536822848215143,0.4250674872292499,0.3519581105234326,0.5985981841134048,0.4919899690132309,0.2576140262567243,0.2488080410878992
2026-02-03,0.4123577100012749,0.2570973242635083,0.3365877199011647,0.7213222846909392,0.5775576503507692,0.7968958084391388,0.4897788238119991,0.5151252262259844,0.4827023672849764,0.346062181038887,0.4297775025070015,0.4053598381506308,0.6412321740176599,0.5469353782246961,0.2669948165813766,0.2591903506271498
2026-02-04,0.4281438564489614,0.2924277548540873,0.3283740229271947,0.7705508891216227,0.4671795972289527,0.6146327715780693,0.4334948602421071,0.6106489494270054,0.5153211915771094,0.3638126544103107,0.4554963119018326,0.4113798552719632,0.6947357214347374,0.5199473207011076,0.275980528986319,0.2644319880958827
2026-02-05,0.4415397999870759,0.3248959113360105,0.3447476845169626,0.7678570948056279,0.497198392660713,0.6007109804224056,0.3969847970348585,0.6305834925514386,0.3916321182795491,0.388110280964509,0.4631513238628467,0.4316658288764931,0.6318427529288088,0.569724907611221,0.2819703816605637,0.2595709805667123
2026-02-06,0.4047676475493966,0.2805457596455685,0.3252171527136345,0.6625466801387608,0.3250988553636668,0.5553085451704491,0.354552475809016,0.6116575351927871,0.3346031011361287,0.3391181009962106,0.4025176756083767,0.4813899682114834,0.6437510567626241,0.5535876255063795,0.272020500232238,0.2248974161126352
2026-02-09,0.4160437253393567,0.2794488381715294,0.3471763663855123,0.7120320655542212,0.3223706999693639,0.5792623734842699,0.3399406764352201,0.63018947554516,0.3096319766862062,0.3530150646459263,0.4000602230187309,0.5111659841276487,0.6187106302078781,0.7093385204901786,0.2764280073301989,0.2487405606511846
2026-02-10,0.3920792598193434,0.27825798080924,0.333931085026213,0.7323871048373901,0.3171337081818076,0.5621979245185201,0.3236659768384985,0.6301291659824136,0.3229288392742819,0.3452230149901863,0.4082008738726621,0.4741157356559701,0.5959969091226294,0.7674295169287687,0.2652080623853624,0.2404169311148187
2026-02-11,0.3835993188111019,0.2977379280619329,0.3278205515603391,0.6790846214466701,0.3200916399089784,0.5606821433316213,0.3154813412294926,0.6270998922765415,0.2880563102289544,0.3506141449700934,0.3991086865774881,0.571719118567206,0.615688055120237,0.7552411179753383,0.269537669922363,0.2305197379797126
2026-02-12,0.4170298185587047,0.3015616463707516,0.3494353662838931,0.7344461706330047,0.329511090952778,0.5828860392034262,0.3415877581704892,0.6501576603301464,0.3233311816042281,0.3583811045423655,0.4278329140231239,0.6103438940320474,0.6155407898595613,0.3324783400378355,0.2937401030112197,0.2597870233848921
2026-02-13,0.3725963085449675,0.2649859130794749,0.3336624814586026,0.652019172570062,0.3177685600307798,0.5536386543560777,0.3218813148034396,0.6370025199829805,0.2770807363309784,0.3176180700264876,0.3919014062162464,0.6851601509248242,0.5999928020628336,0.3220479027205816,0.2835099196158392,0.2256394443772104
2026-02-17,0.444011675835118,0.3339753810936542,0.3313389358127915,0.8064749451441177,0.3370787148205961,0.663567409742423,0.3111581990600268,0.6516475380378067,0.3678582970184234,0.3857654534157564,0.492338386256726,0.8723906973742198,0.6104942425286424,0.3896787011992623,0.303957633390625,0.273282322311249
2026-02-18,0.409592755354982,0.2505086012970847,0.3346848855157133,0.7833067637961307,0.3249602682768307,0.6331339254216781,0.3090058619543425,0.657675033581436,0.3237152407288891,0.3795424651531255,0.4396328545285384,1.010153183613912,0.5820410943230051,0.4201914979964997,0.3031410069757698,0.2584777387264485
2026-02-19,0.3616672767375927,0.2508152016862796,0.3356879730722152,0.7081898782318405,0.3283510194841165,0.6195390719986233,0.3245883668237649,0.6499095021867648,0.2954822899075294,0.3679913463268705,0.4336605848848449,0.6107211924911353,0.5674736401738528,0.6213005362313191,0.2803164713226107,0.1664236302171484
2026-02-20,,0.2463542342041508,0.3322147080523092,,0.3362255193382764,,0.3590742550390189,0.6404368314625211,0.3017559168314272,,0.4230428146375294,,0.5617777716591674,,0.2791036487522617,0.1652353727397546
2026-02-23,0.5962064534041761,0.345155180974002,0.3309195933156314,0.7499755947152933,0.3480728609652606,0.5788790921101064,0.3642037250455512,0.7012408618287623,0.3782294006502102,,0.4372363050088747,0.3292389593014655,0.6006539983123137,0.3012083525545319,0.2981989121231567,0.2986937470448313
2026-02-24,0.5889730149481266,0.3397782027547276,0.3166489533082305,0.7769253600901795,0.3483475691916594,0.5940864427841581,0.3515314601543726,0.6989702403523126,0.3529646225381978,,0.4309830999063623,0.3508853186112974,0.6393520288811004,0.3244452052919452,0.2927565082335644,0.293797592894481
2026-02-25,0.5882119233423562,0.3419231249091131,0.3395649130651396,0.8385579290428749,0.3320334380958383,0.6018352422255666,0.3292714115636836,0.7083106042344463,0.3549003568747364,,0.4257339775091127,0.3498127431873236,0.6278619791154726,0.312895382228298,0.2968113722682676,0.2923158658355655
2026-02-26,0.5029032672919409,0.3524679525582915,0.3488306214627555,0.7963822244162642,0.3277972689158972,0.5473150283700953,0.3334111293283062,0.6729991402625375,0.3340568737185049,,0.4182782730865821,0.2707137496455775,0.6029818645791157,0.3131568030351779,0.2869709074265638,0.281880395372912
2026-02-27,0.5071456588040402,0.3480536274886252,0.3321549563815988,0.7801537966642392,0.3432971758206386,0.5348037798367878,0.3370887843945661,0.6711208911223103,0.339821489217658,,0.4208886910911587,0.3323188598964726,0.5951104689521668,0.3308871820817651,0.3232359845830012,0.2859735686331422
2026-03-02,0.5139143766084345,0.3722129641132314,0.3602367838524547,0.8527329343642764,0.3567323552596082,0.5636449014741506,0.3513511322611389,0.6964244147257522,0.3559752571732484,,0.4275936720948864,0.4165061990025531,0.6437382623861009,0.3638458249121413,0.357533148254797,0.3110100436108204
2026-03-03,0.5317534253606006,0.3719668680649042,0.3977471007405087,0.8611897812230978,0.3674595139254768,0.5533551918375458,0.3593727645098611,0.7228124178747956,0.3428505518902776,,0.437398561469817,0.4166836252079302,0.609500433117578,0.3609147030302047,0.3519580473267165,0.3255328827025938
2026-03-04,0.535612400144857,0.2605515244728478,0.2948721022381579,0.8632816611590111,0.3630706911293394,0.5655411367347266,0.3424291549303747,0.6737687102565562,0.3394946701407327,,0.4316572232909741,0.3433548149618715,0.6427286307275769,0.3807592839167816,0.3514915257489431,0.3326462572477802
2026-03-05,0.5305121410731086,0.261658174919583,0.2967698757005412,0.8482111066161103,0.2850772440770209,0.5529653763610403,0.3346848907632653,0.6253832932303308,0.29831443078659,,0.4279610755805635,0.3224434555966238,0.6240658819734871,0.4178718242281742,0.3125994124934519,0.1583146266323359
2026-03-06,0.5828315315278595,0.2663317045322213,0.3026958785987599,0.9319736144825224,0.3115584478038139,0.5887568618142087,0.3602213791248372,0.7240994105334547,0.306955974636471,,0.4509175004614192,0.3225151855904197,0.6652002765253214,0.3985538121221159,0.2995087408369532,0.1753567083134047
2026-03-09,0.5388920780446903,0.2556599161438109,0.293873443502622,0.9276729549759022,0.2959669520584883,0.5669239526922197,0.361558619991039,0.6959272943610656,0.2877904911398233,,0.4363458694747152,0.3648675027088041,0.6674195942730808,0.3591519234107959,0.3124632567850108,0.1558719226862032
2026-03-10,0.550876849993019,0.2548718278151694,0.2859610004390316,0.9632192984514214,0.2834896516790492,0.5885051253479482,0.3767470429104865,0.6895101704452411,0.2827648003067937,,0.4361724026571294,0.3767847342742249,0.6668708901521464,0.3839574975285891,0.3050404373401257,0.1626622512515647
2026-03-11,0.5490674952265366,0.2492262176807489,0.2687660187842593,0.9533844547408548,0.2892376477393716,0.5767788861012796,0.3452335353781165,0.6734029594292646,0.2771647056737135,,0.4409654779292199,0.359518666007749,0.6820138628915461,0.4114995481631482,0.2828523292969667,0.1548939301376389
2026-03-12,0.5686917374627783,0.2570991292179458,0.2808054520554852,0.9764254429670168,0.3006536741550717,0.5747745974237937,0.3493970678210493,0.6690212496151352,0.2868592419829792,0.529988714728313,0.4531242864607704,0.3187675648452098,0.6993888128608777,0.4091938102096908,0.3329016576962076,0.1707351437206521
2026-03-13,0.5375900540989211,0.2545224809109893,0.2711191451745417,0.9697933859190362,0.3024887133208424,0.531407146533458,0.3455332703705948,0.6238298550341527,0.2821955437245969,0.4220571665767667,0.447541484653456,0.4739822290358201,0.7302640308028335,0.4329145993078487,0.3138061340547466,0.1705712777228836
2026-03-16,0.6126790367031117,0.2362597458938957,0.2558022912439481,1.2011496870382714,0.2867709363648377,0.5889495360471392,0.3634725430965553,0.7084741236266529,0.2626953447508639,0.4886901281172012,0.4257028092233984,0.4435231916930051,0.8180072579430521,0.5459079039846371,0.3989117468847191,0.1476208571376773
2026-03-17,0.5437319209478945,0.2204618136070838,0.2426782255128956,1.2821914239005965,0.2750006657126868,0.5313885420019123,0.3957555497603249,0.6006094942510665,0.2460182194768392,0.4698572385137949,0.3894172520487442,0.605528790621089,0.6604652753944952,0.706828745294521,0.3387250495297193,0.1413251937642655
2026-03-18,0.3419445390804083,0.2345898653512811,0.2536502864643063,1.3649409505610943,0.2997965618610479,0.5869265406465426,0.3909122535426398,0.6411447941520039,0.2591307194546338,0.4680282422669131,0.4008075432078554,0.5105808050132529,0.7062957338456958,0.5338942025846908,0.3324305494418851,0.1529204406079186
2026-03-19,0.3402766371210484,0.2244245223591543,0.2441064030779161,0.9442248714238182,0.3039489943768352,0.5763292341546392,0.4290402084820203,0.8495342128187292,0.253336149818603,0.4985998904732437,0.3908865569101676,0.475303242187812,0.8188160739032824,0.8476928357908945,0.220109954335567,0.1592141998733393
2026-03-20,0.3607577550901636,0.2360907952629499,0.2571342351943694,,0.3286286829281699,,,,0.2674883881218459,,0.3990731927970085,,,,0.2300019212650947,0.17523685755165
2026-03-23,0.3135695969214218,0.2244724581023778,0.2470889974381084,0.6189894695729963,0.3043966728976531,,,,0.2597528062270811,,0.3848847586194537,0.2585323349769766,,0.2244135175335111,0.2354787434877751,0.1605784712923892
2026-03-24,0.3154565122729383,0.2287331660399887,0.2746668123565736,0.6105423008826809,0.3232061071559076,,,,0.2992822381218512,,0.3913783036511997,0.2691761488317229,,0.2549009344695209,0.2455662863866606,0.1626735817023476
2026-03-25,0.3015390247887666,0.2218481995377511,0.2800954948784078,0.6021096440154908,0.2889791776114245,,,,0.2916800507361703,,0.390846274298682,0.2609118593077035,,0.2677670947578575,0.2307588056435991,0.1552486613990229
2026-03-26,0.3579604027325662,0.2408098273884941,0.3018071464925253,0.6303499461902431,0.3239558857419358,,,,0.3363828502503265,,0.3982521010759639,0.2710127017529164,,0.2852070523221308,0.2348185997752256,
2026-03-27,0.3894482026112178,0.2621690549315233,0.3381056284143379,0.6330107746668858,0.3956123872233671,,,,0.3735331524499027,,0.4156178218000457,0.2796691897529467,,0.3172917547297157,0.243815176719866,0.2230032987044277
2026-03-30,0.4202225173180968,0.2623383170231151,0.3324828240622833,0.7575424431641228,0.3961794705755792,,,,0.3889160366098467,,0.4199849783418319,0.2924879638023548,,0.3279029548488403,0.2674216412532261,0.233673304961255
2026-03-31,0.3424786711387211,0.2408309618914973,0.2973456430739969,,0.3470574432214812,,,,0.3401110400706806,,0.3870243332781718,0.2690697631309805,,0.31598790488132,0.254514634910753,0.1986721069447888
2026-04-01,0.3512291748943877,0.2519680802579052,0.327986297797853,0.7034257776412688,0.3227534496955243,,,,0.3064186886808926,,0.3774461106751572,0.2483830353902837,,0.3181778018522682,0.2166184287851946,0.1881736574847152
2026-04-02,0.3369257476612595,0.243779995891584,0.3224561223494527,0.6954290650620456,0.353592327785242,,,,0.3019277468424066,,0.3774180020273424,0.250611475110918,,0.2532901002233065,0.2218368074914739,0.1859267223637117
2026-04-06,0.3415034773329147,0.253110806120711,0.327278852134565,0.751813506671975,0.3566549622161361,,,,0.3152273285030725,,0.4299900301414096,0.2720908580270022,,0.2590805254609821,0.2219923895133184,0.2064519075494826
2026-04-07,0.3356547728329363,0.2782154818376836,0.3372849135187769,0.7367265834329016,0.3666510071899926,,,,0.3185274361781938,0.4282309156117195,0.4796636118681205,0.2766256930496524,,0.2817260602168338,0.2194828598243843,
2026-04-08,0.3261078261481312,0.2580082526314806,0.3319335807628933,0.692365671303361,0.3568940539620189,,,,0.2764164096502987,0.4266835357181371,0.5045643795609,0.2829564352138057,,0.2732415676738077,0.2101091941189266,0.1806490660473143
2026-04-09,0.3265508486060227,0.2538656433532973,0.3500474402248918,0.6818645052016337,0.3811720727150651,,,,0.288436519493173,0.368018829106199,0.4970998092009419,0.2879045510236243,0.7202900732553447,0.2699774483304885,0.2051899742648678,
2026-04-10,0.3302154877856331,0.2557093057195752,0.3627083805733692,0.6587230158564689,0.3838765854988429,,,,0.2733209392023647,0.3519765240351906,0.4785835986108229,0.2643332769907363,0.6769119858137409,0.2703297083491032,0.1991861679855138,0.158063686856403
2026-04-13,0.3273775091606177,0.2736325047203312,0.3824389725471527,0.7461027684793814,0.3913699075645543,0.5671547494656232,0.2939799136186536,0.4567714347452293,0.2881012058210467,0.3925392261894362,0.5235995866239741,0.2898028555392196,0.7253694233722143,0.3082245868920702,0.2056809511995368,
2026-04-14,0.3319040855527498,0.2870515160136399,0.3790953673672102,0.8030750327468325,0.4132898203688437,0.5750389459786241,0.3354442146252966,0.4766625687836816,0.3243814799404281,0.3635462655708983,0.5539187039949374,0.2895242998385289,0.7940465269463151,0.3024967210839704,0.2041801872195941,0.1867776070179826
2026-04-15,0.335884507854128,0.2890921204130027,0.4007329732245572,0.7845081604051685,0.4028457053236458,0.5924718982257099,0.3127122628378611,0.5001364807363678,0.3106667285277283,0.3911145965810816,0.591074021271058,0.3238511014697093,0.7581023122953754,0.3675213104154569,0.2002149166187886,0.204104935876634
2026-04-16,0.325597120281223,0.2859636469903096,0.3968685483792186,0.6886402887995161,0.3956817785379789,0.5882801982400309,0.3071483424545154,0.427388686813376,0.313128846515511,0.3502851084587753,0.5095124332988098,0.290043175226157,0.6800142923408529,0.3496349432782107,0.1932632643949833,0.1648033924355526
2026-04-17,0.3139610996604775,0.2722942286609191,0.3845715002397507,,0.3976708184553784,,,,,,,,,,0.1803796434986478,
2026-04-20,0.3258929779020222,0.2825004054680802,0.3973028119904268,0.7541972797617162,0.4135546347917937,,,0.4137851606352788,0.3100341793656102,,0.4674035856358704,0.2559675255947993,0.6764677365079599,,0.1974178236985392,0.1752771517020921
2026-04-21,0.3252762411669994,0.2971918442432676,0.4143501976987721,0.7554852779945873,0.4329256011889984,,,0.4425251537541949,0.3149848575886779,,0.4870097854426954,0.2582400003340395,0.6892366476670084,,0.2023726891341273,0.1825603715385789
2026-04-22,0.3285583323153555,0.2813088443706436,0.4267597505554537,0.7819655432971713,0.4352921580280206,,,0.4647001581623683,0.3222718529229336,,0.4864110172153635,0.2646677012201165,0.7004493127995141,,0.2025855611929995,0.1819895793155521
2026-04-23,0.3267070428287062,0.2743568037089837,0.4345607150344329,0.7772676269009867,0.4428906144909871,0.7108558255900527,,0.4640415541861088,0.320830288719315,,0.4374797779265216,0.2550512640487293,0.7084918009477216,,0.1975076336385942,0.1832509095702997
2026-04-24,0.3597556659074802,0.2895888161811167,0.4460808375134373,0.7958061668193678,0.4477207092971321,0.7497661763404629,,0.471898936509654,0.3219642930602335,0.3725760407567555,0.4254605842594359,0.2565517032747992,0.6938039517691001,,0.2041981000623941,0.185147381879578
2026-04-27,0.4110121635996207,0.3133354135624392,0.4917622731541021,0.8050573182537578,0.4735242040490976,0.7649300531998723,,0.4836680638601999,0.3298662121826702,0.3774805853975403,0.4458280560137561,0.263587057550543,0.8027144008775993,,0.2202949934590762,0.1842305193878551
2026-04-28,0.3902681591734606,0.3033264019061931,0.5106325540264723,0.795119010094126,0.4769379551745704,0.7617566049896809,,0.4633482810214171,0.3242322019451224,0.3670178488809225,0.4452865448516651,0.2582353303873546,0.7653690310284401,,0.2089459585784387,0.184368995741822
2026-04-29,0.3972294980814381,0.3206624794203255,0.5130697470531627,0.7941458061201052,0.5338447827339464,0.8011016101322728,,0.4858167926812742,0.3275437799357023,0.3746178570077809,0.4422128955799935,0.2664639391857633,0.9342236043830262,,0.2059911420542395,0.1743481216166244
2026-04-30,0.4055826369018456,0.3513476503108559,0.3060885244066773,0.7803674988244232,0.2975769907027166,0.7792721989311661,,0.4503713759529499,0.3204810769366302,0.3308782209612217,0.4348197919404714,0.2539488556470799,0.8368437692280254,,0.211066042252993,0.1802178390544669
2026-05-01,0.3808477839983087,0.2440396505228914,0.2883677870038844,0.7790139036937842,0.2788389701007367,0.7710075590349706,,0.422783890105565,0.3125317341589184,0.3223308524347495,0.4155167380566313,0.2409101931044029,0.8373779704074846,0.6065273873126829,0.2122264391747927,0.1828694466673047
2026-05-04,0.3991628437343486,0.2535238210290814,0.3108221958364179,0.7931859968937728,0.306500090333216,0.8357500432622035,,0.451104385298076,0.328758574001687,0.3096250160647273,0.4449651239447213,0.2620071671319574,0.8208741044555381,0.6243149174067556,0.218918561425453,0.1838260408966588
2026-05-05,0.4302994956028723,0.2391901290193038,0.2994979630704985,0.9043358882757504,0.3102267703654776,0.8757063545144489,,0.4891510717881657,0.3200247256929079,0.3103445544402753,0.4493303839317688,0.2602466316519886,0.9292633635182528,0.6267060536194758,0.2237072400709311,0.1646232703692738
2026-05-06,0.4112138117191395,0.2429693521747009,0.2991193172881762,0.8516247883388035,0.305134512122766,0.7090597723913045,0.3051912843284949,0.4513801678221339,0.296941291554685,0.3156729071243651,0.4413333694149655,0.2443026638731375,0.8767315115791867,,0.2470241978174206,0.2088099428564241
2026-05-07,0.3958905228387776,0.2473192381639135,0.3202000190249336,0.8312381076967921,0.2860223517772804,0.6290464060864142,0.3024236042094463,0.4564019028361329,0.2946815888075351,0.3135823819553326,0.4517648679511667,0.2393030772537069,0.8456869151558372,,0.2089001274906385,0.1858377339412409
2026-05-08,0.382670742189822,0.2337392928167414,0.2898228529677193,0.8889185951651252,0.2995034346986251,0.7015758364782061,0.2848673676719545,0.460925285177569,0.2784775875075727,0.2923447278960556,0.4306337289609412,0.2248843583573525,0.9789767915201212,0.9631044164167446,0.2145530528956001,0.2041897792785484
2026-05-11,0.4630038002046467,0.2770351869553226,0.3459462203113932,1.1703998971080964,0.3200374332613616,0.8180053558728501,0.3372133422547166,0.5291924859927982,0.3264146012248071,0.3484848709865271,0.5709845759221702,0.3006497939928236,1.1738429689676233,1.2319308205574468,0.2752622246494209,0.2397520729783842
2026-05-12,0.4800107697840557,0.2808358631921607,0.357775175735225,1.1693930864040778,0.3145500072533696,0.8399783175121426,0.3462430056838241,0.5501120337962587,0.3306073931432272,0.3525166338155937,0.5982017370889482,0.292040958903497,1.0612476817515522,1.2556783265509024,0.2620228448581045,0.2169782678234588
2026-05-13,0.5533029647441795,0.3165884819370717,0.3916906380477865,1.0874951667649686,0.3491486318754763,0.8340773022931558,0.3745293986260973,0.5684435052546052,0.3798522169261395,0.3712184194552773,0.6066225787595529,0.3076298425040736,1.0000759866579247,1.8885292900215935,0.2791132618716167,0.3037366577978443
2026-05-14,0.7111270827474213,0.3206145407162228,0.4077910808998539,1.2025330083846455,0.364936543775858,1.0087983227993758,0.364883397903543,0.6824892400728756,0.3297962100596497,0.3931943856227599,0.6189258499020492,0.2905934227359966,1.090927058238994,0.7996093489467794,0.2852916228663693,0.3859165928897484
2026-05-15,,,,0.8973085583949808,,,,0.521262640951282,0.3245958756385181,0.3226183468476297,0.4590987621094636,,0.7876473048235719,,0.2623324941037344,0.2206489827462959
2026-05-18,,,,0.901143741713434,,,,0.5203407143360032,0.3392423225652379,0.3136359189342585,0.4499312932969216,,0.7819679751135759,,0.2934086071640069,0.2160723064476834
2026-05-19,,,,0.8859725146885318,,,,0.5006796962752952,0.3262481235089563,0.3179574228656365,0.4526424274429456,,0.7954675141292494,,0.3022145901927653,0.2190945496378728
2026-05-20,,,,0.8871890175850073,,,,0.5149975977975214,0.3350004007265365,0.3129036538439534,0.4584742154662903,,0.8285203664750406,,0.2807782517636857,0.2227169539607099
2026-05-21,,,,0.8516986389729733,,,,0.5014440590727305,0.3209430589456174,0.3056742947037405,0.4543872758334832,,0.7910953992560203,,0.2727224317715584,0.2212715381882805
2026-05-22,,,,0.8582894282176542,,,,0.5045500708018645,0.3101020509477445,0.3033495106799477,0.4578033437492707,,0.7620379273633662,,0.2735110985606829,0.2200755043020746
2026-05-26,0.4020939435572938,0.241149064291032,,0.950247021804016,,,0.3725404639040029,0.5299176779389898,0.3284875461973888,0.3121297539572639,0.4481936629719431,,0.8287433334094183,,0.279079715551051,0.2300103255372769
2026-05-27,0.3976011860619547,0.2447234690610603,,0.9616646843336566,,,0.3653788956861181,0.5155033557019585,0.3242982543048148,0.3482292363103693,0.4818426946811715,,0.803613255669031,,0.2753090323296158,0.2367735060081113
2026-05-28,0.4028201975277493,0.2405143698644293,,0.938647714597933,,,0.366511810811704,0.5068213462612771,0.3250560322302022,0.3132225426499644,0.4716297801146213,,0.7816456569468411,,0.2615504023597048,0.2368510772175701
2026-05-29,0.4170135019394864,0.2386320021899541,,0.983820801640238,,,0.3589519707379087,0.559072805339275,0.307375414512854,0.3169006100688509,0.4483458846132991,,0.7906103519476362,,0.2365811731667755,0.235753530203366
2026-06-01,0.4241455785468961,0.2476729626481385,,0.9816181795519708,,,0.3627835013225716,0.5802530114578078,0.3117693434839036,0.3776369600650685,0.4819905302278079,,0.8025874745242862,,0.2338520871425174,0.2541415041348228
2026-06-02,0.4264907077782427,0.2527874438098862,,0.9824238006248864,,,0.3603035062237804,0.6098055475921599,0.3037670494507272,0.3565371032956414,0.4686551266757112,,0.7865659638839393,,0.2337696256335606,0.2605895441852865
2026-06-03,0.4235152419729442,0.2578207738725616,,0.9951918613711496,,,0.3637243650914643,0.5578969790523711,0.3115009282021029,0.3490421096318468,0.4714192512266932,,0.7834544469038193,,0.2293365244667403,0.254545033593949
2026-06-04,0.4135632726092378,0.2563870222487833,,0.9805612671536308,,,0.361271111956102,0.4808763104337921,0.310405056713697,0.3298851338057084,0.46350371833148,,0.758173243459755,,0.2222765242959683,0.2325130113937048
2026-06-05,0.425835219494212,0.2644923148610659,,1.0074402001158411,,,0.3773869363047913,0.4935639848082647,0.3350870116397458,0.3533751008984442,0.4831948350974956,,0.7788428161880251,,0.2496121043374391,0.2391752939688386
2026-06-08,0.4166293926637983,0.2592014564792738,,1.0102956348459025,,,0.3692713606244187,0.4704055551902962,0.318391717955837,0.3562087888643287,0.4797751326024041,,0.8140012123908285,,0.2545049794054622,0.2533929459151726
2026-06-09,0.414265928841405,0.2573568859939924,,1.0314152073578104,,,0.3753658676227899,0.4884940417034742,0.3246570624632609,0.3478391698615494,0.4839247042287045,,0.8371043308839182,,0.2467759798292411,0.2651477432456481
2026-06-10,0.423756776135605,0.2646796704619144,,1.0547607054782886,,,0.3788302023066611,0.4903672291016031,0.3254214555156161,0.3570502059308843,0.4953273390105605,,0.8460328235145493,,0.2523038100886708,0.2807275146483812
2026-06-11,0.41390284846739,0.2519105545629189,,1.0639970397433585,,,0.378420130366812,0.4852387490124142,0.3351207525037066,0.3634539049825784,0.4973981180574177,,0.8642282039562055,,0.2452238576858201,0.2927455606876394
2026-06-12,0.3969008327148322,0.2457962603999024,,1.0657913013995604,,,0.366856045080391,0.4700197528213459,0.3143658594199256,0.3631237742427058,0.4859960585917479,,0.925098966070804,,0.22933002823533,0.278755754574189
2026-06-15,0.3925048848723503,0.243808189244355,,1.1009309314838225,,,0.3573952055176878,0.4611012458457694,0.3039336677197926,0.3422454358932925,0.4505462722180246,,0.9117167217828726,,0.239513690239672,0.2688470511540847
2026-06-16,0.3837092785585019,0.2420077095959876,,1.0675923644668244,,,0.3612671402073351,0.4520966205141192,0.318052149329255,0.3401010935229731,0.4338653202403656,,0.8617962917831097,,0.2409093902137045,0.278101513486914
2026-06-17,0.3858321020372434,0.2475820398866214,,1.084160068843534,,,0.366021609842508,0.4893495402825269,0.3164161510225993,0.3717823866938248,0.4423512241011743,,0.9170322909826084,,0.232476471834384,0.2999698228010739
2026-06-18,0.3786100443006293,0.242625659008462,,1.095099688804012,,,0.3666209149962568,0.492783073823226,0.3208143997879539,0.3556586952659285,0.4242282179600706,,0.9680859903694288,,0.226725148391537,0.2676351747910238
2026-06-22,0.3604043844005719,0.2509000031044259,0.3353513277027591,1.1850706392468529,0.3380237478192606,0.7410967122627437,0.3290850208130592,0.4954928963038524,0.3242030143037754,0.3802179844500511,0.4412509989753373,0.2568613325550708,0.9998492574494512,0.3913427057694473,0.2343088863333468,0.3048099544457185
2026-06-23,0.3793292373125966,0.252891326243566,0.3324436641889638,1.1415921882343982,0.3309282751993473,0.7560446919343052,0.3238887677213801,0.4942992680626967,0.3229218193487456,0.3740209892934995,0.4469093488540177,0.2664594904669899,1.0294993818399505,0.4173829296630391,0.2386465109518424,0.3329093692477214
2026-06-24,0.3736159098581491,0.2597420604999551,0.3471745327728232,1.0668385467087724,0.3361627061455044,0.7462175853300254,0.3270940107083716,0.4966349732546232,0.3300463551129683,0.37921010675329,0.4420858440959387,0.2649205121586479,1.0293264283178385,0.3882962572047163,0.241899514109843,0.3912368364490736
2026-06-25,0.3743995220653101,0.2783935162402219,0.3855267672379996,1.0640670579187304,0.3497376114724267,0.7372646616471797,0.3252211328686258,0.4913924265390975,0.3158284178400557,0.4033647558673289,0.4321543578811048,0.2475818291639823,0.9738539044769792,0.3596097223930765,0.232581082099917,0.3286314876056931
2026-06-26,0.3514260687660894,0.2611787786347353,0.3571053106037157,0.943315943024492,0.3111775676928907,0.7007863908465977,0.3183135170367253,0.4602656889729589,0.3330371361522239,0.3862643793644988,0.4258174952021872,0.2262074326615557,0.8997513428207106,0.3436984185833585,0.2159568237147233,0.3039693697364599
2026-06-29,0.3673105484215457,0.2671047781921714,0.393135589476145,1.0958443606108477,0.3424412544311906,0.7435747694155478,0.3344910570271965,0.4830498218062448,0.3266984033714116,0.3814728803859581,0.4698121236623047,0.2502380394660502,1.0118836417882242,0.3632354903960341,0.2353729237756421,0.2978240890219508
2026-06-30,0.3606860882924335,0.2618969263890299,0.3499889902646487,1.1021179489864616,0.3493478577359878,0.7805811543917319,0.3043741820507399,0.4787856671793919,0.313572853072868,0.3868568531796891,0.4684082299554582,0.2304345194335694,1.0739897209990332,0.3898139729997582,0.2283802870578105,0.274338789377499
2026-07-01,0.3621517606452382,0.263711634779482,0.3544862241302434,1.153927299435232,0.3437075953635249,0.737850272542036,0.3291852255993471,0.4658870748355079,0.3245626576216174,0.3926088665083384,0.4769742393542887,0.2446270122434279,1.0065197046348973,0.3753616755962989,0.2223045234411122,0.2574419115392854
2026-07-02,0.3556116328814534,0.26410242490634,0.341946491668263,1.1200221675726465,0.3271926040939041,0.7372147170677281,0.3184427506995112,0.4716051253141379,0.3272364115973225,0.3796383537089259,0.4351987944720194,0.2392486756449534,1.0005944857594744,0.3732698875479939,0.233097620489713,0.2724641181248345
2026-07-06,0.3841438912837162,0.2746363176337549,0.377814888011308,1.1352259604089858,0.3576915829468327,0.850240218281064,0.3924718611486954,0.5181491058442353,0.3590126653726797,0.4538247015604643,0.5065464995613816,0.2736152889784583,0.9815716547010748,0.3856248535038964,0.2514603681363583,0.2752555882081442
2026-07-07,0.400220304893039,0.2710655682665759,0.3718785288627302,1.127303128265536,0.3570091261537194,0.8095733690144749,0.38598353954205,0.5042652495013163,0.3367213231584455,0.4686843585146641,0.4913873935508779,0.2649479856595653,0.9648219146908408,0.3935907834924139,0.2558043612896468,0.2822999580984626
2026-07-08,0.4072395963449948,0.2683060419668293,0.3458402640804309,1.131972126255716,0.3386129123877117,0.8100682911347199,0.378877996596816,0.5565338836455687,0.3384165593453446,0.4738046961663317,0.4671298164082132,0.2468348634126436,0.9600985807237202,0.3992604290214438,0.2698561600393291,0.2528582711150018
2026-07-09,0.3922623458081717,0.2706294766744503,0.3496744983726513,1.1585577430632423,0.3584906421182403,0.8125562888492597,0.3794956926110109,0.5559611457500102,0.3099719347079971,0.5107022662650454,0.463439984082142,0.2389683986625334,0.93875299377456,0.2828395245660101,0.2434244332920429,0.2860213320271105
2026-07-10,0.3856489194263319,0.2689547572278422,0.3399274556976809,1.0058292492175174,0.3143932056425259,0.7757495039123152,0.3748896256239984,0.4734514230912254,0.3055021347497902,0.5576766633651901,0.4522365911392016,0.2154674943590416,0.911373527998423,,0.2154479929160644,0.2389822433122193
2026-07-13,0.3941721297693393,0.2837103145629338,0.414706286132607,1.1495514776334668,0.3881144405906259,0.9482135727562694,0.3823013619369375,0.5640877464072139,0.361239826701256,0.5285989940307648,0.5009409482157249,0.2774596299151013,0.9294071848975162,0.3472392283427451,0.263484533097318,0.3003266187915251
2026-07-14,0.3966381222841981,0.2767608684768018,0.4284815512985276,1.2620485571154347,0.3837265474491499,0.9564202190886798,0.3876204895462862,0.6114004222646615,0.3887627869050048,0.518181312586473,0.4807627265986952,0.2669785133028262,0.944691512469322,0.480641219065259,0.2753095698605852,0.3120318755032802
2026-07-15,0.3950328688973409,0.2846571998183314,0.446397935091986,1.1072277461921174,0.4159972129787126,0.9402055362827562,0.386888707023722,0.636436371946618,0.533256717437114,0.5259089388631124,0.4945476552909995,0.3025082716172858,0.9503850972199526,0.4552811887638978,0.2732056945035602,
2026-07-16,0.392734561907756,0.3115365460514628,0.5503520478290572,1.0856804623988408,0.467001849465063,0.9161798246604536,0.3930996241959105,0.6445840940415392,0.4863486565633551,0.5158177060228604,0.4947838677256719,0.2780950518154302,0.9535031399809912,0.4586783048859714,0.2971946004720886,0.2013146406544528
2026-07-17,0.3967965465152903,0.3167120845287505,,,,,0.3894810218684586,,,0.548020326855859,,,0.9862971981504284,,,0.2351299329761348
2026-07-20,0.3771779612698109,0.3241766062593977,,,0.4234766687356115,0.8856681664495447,0.3947834523452683,0.5236307537932584,0.3939372042965001,0.5438639417055604,0.4959849648629666,0.3368439970211341,1.0133644583276735,0.5405312758296887,0.237446026671782,0.2359269284953166
2026-07-21,0.3709005637727952,0.3129757612836934,,,0.4215725064855756,0.8671371752695665,0.3963171544741204,0.5196108469307658,0.3899760315532936,0.5535370939012209,0.4843904635178527,0.3140122784627611,1.0348483550306302,0.5056714518556219,0.2224079037902884,0.2328584208733933
2026-07-22,0.3810344183429615,0.3157887900835284,,,0.4368066525922497,0.8793989710293233,0.4006492691940252,0.5486905743341394,0.3978797617407246,0.5508574728959018,0.4871541303355113,0.3296871618991619,1.0316737378304202,0.4974133847255791,0.2222511379233031,0.2444020022866966
2026-07-23,0.3839473791384277,0.3057130735116495,,,0.4413112292812754,0.8633850995269079,0.3284702606627458,0.5244906654205026,0.327924528671798,0.5565323458782362,0.478401090726506,0.3281583509556975,1.0071970824619343,0.5152324665381177,0.2202797482286662,0.2469983212582094
2026-07-24,0.3814933395919086,0.3130975225142159,,,0.4267861424507433,0.8401588497857158,0.3011188687790097,0.5055415620034683,0.2977467175051263,0.5147918900824349,0.4871255502381507,0.3017217854951015,0.8442975419364686,0.5007094185673925,0.2089629413771925,0.2262207524719993
2026-07-27,0.3847142365778355,0.3317111882532365,,0.9456688210362988,0.4413562747145903,0.8417441413163871,0.3117613671620275,0.518477385290722,0.3114063529095242,0.5337571505239542,0.488447721613611,0.2851621110784779,0.8347167775756664,0.5430679129041666,0.22075731072855,0.2228616787784808
2026-07-28,0.3891808345499647,0.3417053777407923,,0.9555831158661636,0.4476749271932131,0.830961097602259,0.3114352694658415,0.5270053132562131,0.3092622171046339,0.5444882370856211,0.4953365282278251,0.3474366155025755,0.8536535217726439,0.5557435319709002,0.2261993043512004,0.2208386582000515
2026-07-29,0.4059977080287521,0.3483257409901631,,0.9707331109471204,0.4681782583218858,0.8553494929578669,0.3265211891883399,0.5292020619388874,0.326566332661008,0.560589426990658,0.5177950817995911,0.309835952904209,0.8668659675259314,0.5518289003205817,0.2163609404468438,0.2231991844255107
2026-07-30,0.3725894383825753,0.33541761116193,,0.93985431936827,0.5240527096403836,0.8265578936247254,0.3105174414046455,0.5127665981188261,0.3097789641558229,0.3892194481086075,0.4965164074849265,0.3313584338899937,0.8360438982340388,0.5362161331581264,0.2191032116820953,0.2305015206088929
2026-07-31,0.3666007201991983,0.278266034840102,,0.9204036570924368,0.3182232496174644,0.8283794163315431,0.3262936416002182,0.4981213224121535,0.3228028317475624,0.3830523451853321,0.4867114527888561,0.3801286007287627,0.8354291790850094,0.5728822780145105,0.2308862413307555,0.2009010752147627
2026-08-03,0.3840607952227762,0.2785885333138313,,0.915011589548607,0.3691114898781389,0.8536856870398607,0.36562052389607,0.5118966194936464,0.3513462762773185,0.4192182168238775,0.4878610448722066,0.3633027369464399,0.8293922822413762,0.6040151655555362,0.2547366991081581,0.2045245359892546
2026-08-04,0.3829044052792143,0.2720930537712313,,0.9452557826332352,0.350463055399257,0.919989905746872,0.3713485205060028,0.5789416618158395,0.3692966697662022,0.4114527989303038,0.493317034275441,0.3180920168468644,0.9186651497663736,0.6241680410611057,0.250463059884052,0.2320447903470656
2026-08-05,0.3827510019244866,0.2619191237971461,,0.8881439610414276,0.3253112921093837,0.6947516806171808,0.3688131436418491,0.4980362508010939,0.3553131182280514,0.3906143901375746,0.4697316199744213,0.2788793687888498,0.8203145997476261,0.6030361280786498,0.2307424976933121,0.21571655129556
2026-08-06,0.3691764109661191,0.2506989434502031,,0.7877375778742535,0.3166729524495632,0.6737496223549958,0.3167346682292642,0.5382061056393641,0.3204969197690299,0.3704535232902743,0.4692565290022617,0.3266988095284961,0.7982905220537866,0.5555972338138144,0.2165845062777913,0.2097793968200431
2026-08-07,0.3443059702327751,0.2332672156607258,,0.7179479563788719,0.3057097902098074,0.5995244745694712,0.2992552105928737,0.4472197961267283,0.2924192140132452,0.3469788415458775,0.4397734571615804,0.3278106529572889,0.7310942510646314,0.5428522280466331,0.1990889817784928,0.1871208633496267
2026-08-10,0.3649768599865484,0.2411095920486593,0.3154427645896449,0.7391116245168254,0.3342954539157627,0.6162173446776363,0.3090695145785362,0.4957623603821436,0.2987733744567327,0.3659730331483511,0.4397198335013503,0.419889404318911,0.7248670027690852,0.6048387962599829,0.2139363800106564,0.1996576469955827
2026-08-11,0.3465622286503823,0.2323915895823451,0.3017536033220913,0.6858626586513129,0.299294779969641,0.5867518452799387,0.3082739232461777,0.470760390661095,0.3008427704929826,0.3863467017806999,0.4202934709951442,,0.6907476204882567,0.6380610216699155,0.2015480262036013,0.1860119694454388
2026-08-12,0.3528464893495617,0.2293785559220229,0.2757861499727576,0.6835774575927229,0.2968835676814814,0.5552376414563363,0.2922603237927256,,0.2868395988697582,0.3874797120888881,0.4325308204524378,,0.6898483769256947,0.6926097646887402,0.1875808253692187,0.1723775733771904
2026-08-13,0.3305810603051407,0.2285810448653295,0.2663550379746298,0.6603010071617611,0.2939508144642416,0.5358050680491416,0.278585095482301,0.4718102809433189,0.2660216637380596,0.2397157426403833,0.4134287208823474,,0.7798917807523655,0.3361163628156578,0.2010648501688995,0.1902806959105989
2026-08-14,0.3138945470628583,0.2017688085452991,0.2453994644636402,0.6143627345345053,0.2522705849832709,0.5660311225877482,0.2543872246273527,0.3461436153835053,0.2455821333044979,0.3648081152185852,0.395610639588915,0.4529603006761234,0.5230153146252836,0.2879125039100013,0.1739974855566602,0.1566410292283128
2026-08-17,0.3847932523881228,0.2479530743906633,0.292580021189817,0.6932159279790405,0.3062169518812585,0.5981291814722761,0.3008561121756541,0.4981033951620419,0.2924648193736022,0.3785663512013615,0.4749773061412339,0.6000778232539483,,0.3414295187851086,0.2215063398955033,0.1885967149325057
2026-08-18,0.3690061721544938,0.276724073706286,0.2976823301711591,0.7334296741471243,0.3201018478041765,0.6139557368733594,0.2990624194036411,0.4829860999211549,0.3009951264840645,0.4200854650175811,0.5193095146622962,,0.6848086208941765,0.3264496745516951,0.2841847178865018,0.1987036484566634
2026-08-19,0.3964810139153654,0.3053415538115268,0.2977624027207107,0.7064528927660041,0.3625907299054335,0.6039376902345588,0.311464652918909,0.4471668971365005,0.312826397035317,0.4199900403659347,0.5070203233301448,0.7694464467357536,0.710654676353236,0.34509748649047,0.3030273747669244,0.1949793040990974
2026-08-20,0.3879193482950872,0.3043523823815437,0.2968016251024767,0.7474978466944904,0.3503329995487461,0.5866170518615841,0.3121099399365006,0.4347403191987313,0.3084160151640429,0.4380307540621681,0.5249985830476248,0.3069346965676054,0.6430633719387981,0.3258428924320887,0.285106547570813,0.1908077974849599
